Name;FmName;Type;English
a-20g;a-20g;strike;A-20G-25 Havoc
a-26b;a-26b;strike;A-26B-50
a-26b_10;a-26b_10;strike;A-26B-10
a-26c-45-dt;a-26c;bomber;A-26C-45DT
a-26c;a-26c;bomber;A-26C-45 Invader
a-35b;a_35b;bomber;A-35B
a2d;a2d;strike;A2D-1 Skyshark
a5m4;a5m4;fighter;A5M4
a5m4_hagiri;a5m4;fighter;Hagiri's A5M4
a6m2_mod11;a6m2_mod11;fighter;A6M2 mod. 11
a6m2_n_zero;a6m2_n_zero;fighter;A6M2-N
a6m2_zero;a6m2_zero;fighter;A6M2 Reisen
a6m2_zero_china;a6m2_zero;fighter;A6M2 Reisen (China)
a6m2_zero_usa;a6m2_zero;fighter;A6M2 Reisen (USA)
a6m3_mod22_zero;a6m3_mod22_zero;fighter;A6M3 Reisen mod. 22
a6m3_mod22ko_zero;a6m3_mod22_zero;fighter;A6M3 Reisen mod. 22Ko
a6m3_zero;a6m3_zero;fighter;A6M3 Reisen
a6m5_zero;a6m5_zero;fighter;A6M5 Reisen
a6m5_zero_china;a6m5_zero;fighter;A6M5 Reisen (China)
a6m5hei;a6m5_hei;fighter;A6M5 Hei
a6m5ko;a6m5_ko_otsu;fighter;A6M5 Ko Reisen
a6m5otsu;a6m5_ko_otsu;fighter;A6M5 otsu
a6m6c;a6m6c;fighter;A6M6c
a7he1;a7he1;fighter;A7He1
a7m1;a7m1;fighter;A7M1 Reppu (NK9H)
a7m2;a7m2;fighter;A7M2 Reppu
a_109_eoa2;a_109_eoa2;helicopter;A.109EOA-2
a_10a_early;a-10a_early;strike;A-10A Thunderbolt II (Early)
a_10a_late;a-10a_late;strike;A-10A Thunderbolt II (Late)
a_10c;a-10c;strike;A-10C Thunderbolt II
a_129_a;a_129_int;helicopter;A-129 International Prototype
a_129_cbt;a_129_cbt;helicopter;A129CBT Mangusta
a_129_d;a_129_d;helicopter;AH-129D Mangusta
a_20g_30_ussr;a-20g;bomber;A-20G-30 Havoc (USSR)
a_29_hudson;a_29_hudson;bomber;A-29
a_4b;a_4b;strike;A-4B Skyhawk
a_4e_early;a_4e_early;strike;A-4E Skyhawk Early
a_4e_early_iaf;a_4e_early_iaf;strike;A-4E Early (M) Skyhawk (Israel)
a_4e_late_iaf;a_4e_late_iaf;strike;A-4E Skyhawk (Israel)
a_4h;a_4h;strike;A-4H Skyhawk (Israel)
a_4n;a_4n;strike;A-4N Skyhawk II (Ayit) (Israel)
a_5c;a_5c;strike;A-5C
a_6e_tram;a_6e_tram;strike;A-6E TRAM Intruder
a_7d;a_7d;strike;A-7D Corsair II
a_7e;a_7e;strike;A-7E Corsair II
a_7e_thailand;a_7e;strike;A-7E Corsair II (Thailand)
a_7k;a_7k;strike;A-7K Corsair II
ab_205a_1;ab_205a_1;helicopter;AB 205 A-1
ah_1f;ah_1f;helicopter;AH-1F
ah_1f_event;ah_1f;helicopter;AH-1F
ah_1f_iaf;ah_1f_iaf;helicopter;AH-1F Tzefa D/E (Israel)
ah_1g;ah_1g;helicopter;AH-1G
ah_1g_iaf;ah_1g_iaf;helicopter;AH-1G Tzefa A (Israel)
ah_1q_iaf;ah_1q_iaf;helicopter;AH-1Q Tzefa B (Israel)
ah_1s;ah_1s;helicopter;AH-1S Kisarazu
ah_1s_early;ah_1s;helicopter;AH-1E (Japan)
ah_1s_late;ah_1s;helicopter;AH-1S
ah_1w;ah_1w;helicopter;AH-1W
ah_1w_china;ah_1w;helicopter;AH-1W (China)
ah_1z;ah_1z;helicopter;AH-1Z
ah_2_rooivalk;ah_2_rooivalk;helicopter;Rooivalk Mk1F CSH
ah_60_iaf;ah_60_iaf;helicopter;AH-60 Battle Hawk (Israel)
ah_64a;ah_64a;helicopter;AH-64A
ah_64a_greece_usa;ah_64a;helicopter;AH-64A (GR) (USA)
ah_64a_iaf;ah_64a_iaf;helicopter;AH-64A Peten (Israel)
ah_64a_peten;ah_64a;helicopter;AH-64A Peten (USA)
ah_64a_peten_iaf;ah_64a;helicopter;AH-64A Peten (Israel)
ah_64d;ah_64d;helicopter;AH-64D
ah_64d_i_saraph;ah_64d_i_saraph;helicopter;AH-64D-I Saraph
ah_64d_japan;ah_64d_japan;helicopter;AH-64DJP (Japan)
ah_64d_netherlands;ah_64d_netherlands;helicopter;AH-64D (Netherlands)
ah_6m;ah_6m;helicopter;AH-6M Littlebird
ah_mk1;ah_mk1;helicopter;AH Mk.1 Apache
ahs;ahs;helicopter;Attack Helicopter System
aichi_e13a;aichi_e13a;bomber;Aichi E13A1 Model 11
alpha_jet_a;alpha_jet_a;strike;Alpha Jet A
alpha_jet_a_thailand;alpha_jet_th_phase_1;strike;Alpha Jet A (Thailand)
alpha_jet_e;alpha_jet_e;strike;Alpha Jet E
alpha_jet_th_phase_1;alpha_jet_th_phase_1;strike;Alpha Jet TH (Phase 1)
am_1_mauler;am-1_mauler;strike;AM-1 Mauler
amx;amx_italy;strike;AMX Ghibli
amx_a_1a_brazil;amx_a_1a_brazil;strike;AMX A-1A Ghibli
ar_2;ar_2;bomber;Ar-2
arado-196a-3;arado-196a-3;bomber;Ar 196 A-3
arado-196a-5;arado-196a-3;bomber;Ar 196 A-5
arado-234;arado-234;bomber;Ar 234 B-2
arado-234c-3;arado-234c-3;bomber;Ar 234 C-3
ariete;ariete;fighter;Ariete
attaker_fb1;attaker_fb1;fighter;Attacker FB 1
attaker_fb2;attaker_fb1;fighter;Attacker FB.2
av_8a;av_8a;strike;AV-8A Harrier
av_8b_na;av_8b_na;strike;AV-8B (NA) Harrier
av_8b_plus;av_8b_plus;strike;AV-8B Plus Harrier
av_8b_plus_italy;av_8b_plus;strike;AV-8B Plus Harrier (Italy)
av_8c;av_8c;strike;AV-8C Harrier
av_8s_late_thailand;av_8s;strike;AV-8S Matador (Late) (Thailand)
av_8s_thailand;av_8s;strike;AV-8S Matador (Early) (Thailand)
avenger_mk1;tbf-1c;bomber;Avenger Mk II
b-17e;b-17e;bomber;B-17E Flying Fortress
b-17e_japan;b-17e;bomber;B-17E Flying Fortress (Japan)
b-17e_late;b-17e_late;bomber;B-17E Flying Fortress /Late
b-17g;b-17g;bomber;B-17G-60-VE Flying Fortress
b-17g_iaf;b-17g;bomber;B-17G Flying Fortress (Israel)
b-29;b-29;bomber;B-29A-BN Superfortress
b-29_france_killstreak;b-29;bomber;B-29A-BN Superfortress (France)
b-29_germany_killstreak;b-29;bomber;B-29A-BN Superfortress (Germany)
b-29_iaf_killstreak;b-29;bomber;B-29A-BN Superfortress (Israel)
b-29_italy_killstreak;b-29;bomber;B-29A-BN Superfortress (Italy)
b-29_japan_killstreak;b-29;bomber;B-29A-BN Superfortress (Japan)
b-29_killstreak;b-29;bomber;B-29A-BN Superfortress (b-29_killstreak)
b-29_sweden_killstreak;b-29;bomber;B-29A-BN Superfortress (Sweden)
b-29_uk_killstreak;b-29;bomber;B-29A-BN Superfortress (Britain)
b-57;b-57;bomber;B-57A Canberra
b-57b;b-57b;bomber;B-57B Canberra
b5n2;b5n2;bomber;B5N2
b6n1;b6n1;bomber;B6N1 Model 11
b6n2;b6n2;bomber;B6N2 Model 12
b6n2a;b6n2a;bomber;B6N2a Model 12Ko
b7a2;b7a2;bomber;B7A2 Ryusei
b7a2_homare_23;b7a2_homare_23;bomber;B7A2 (Homare 23) Ryusei
b_10b;b_10b;bomber;B-10B
b_18a;b_18a;bomber;B-18A
b_239_finland;b_239_finland;fighter;Brewster Model 239 (Finland)
b_24d;b_24d;bomber;B-24D-25-CO Liberator
b_25j_1;b_25j_20;bomber;B-25J-1 Mitchell
b_25j_20;b_25j_20;bomber;B-25J-20 Mitchell
b_25j_30;b_25j_20;bomber;B-25J-30 Mitchell
b_25j_30_china;b_25j_20;bomber;B-25J-30 Mitchell (China)
b_25j_30_france;b_25j_20;bomber;B-25J-30 Mitchell (France)
b_25j_30_vvs_ussr;b_25j_20;bomber;B-25J-30 Mitchell (USSR)
b_26b_c;b_26b_c;bomber;B-26B Marauder
b_26c_france;b_26b_c;bomber;B-26C Marauder (France)
b_34;b_34;bomber;B-34
b_48_firecrest;b_48_firecrest;strike;Firecrest
ba_65_k14_l;ba_65_k14_l;strike;Ba.65 (K.14) L
bb-1;bb-1;strike;BB-1
be_6;be_6;bomber;Be-6
beaufighter_mk1_40mm;beaufighter_mk1_40mm;strike;Beaufighter Mk I Prototype (40-mm)
beaufighter_mk21;beaufighter_mk21;strike;Beaufighter Mk 21
beaufighter_mk6c;beaufighter_mk6c;strike;Beaufighter Mk VIc
beaufighter_mkx;beaufighter_mkx;strike;Beaufighter Mk X
beaufort_mkviii;beaufort_mkviii;bomber;Beaufort Mk VIII
bf-109a_1;bf-109a_1;fighter;Flegel's Bf 109 A
bf-109b_2;bf-109b_2;fighter;Bf 109 B-1 Late
bf-109c_1;bf-109c_1;fighter;Bf 109 C-1
bf-109c_1_promo;bf-109c_1;fighter;Bf 109 C-1
bf-109e-1;bf-109e-1;fighter;Bf 109 E-1
bf-109e-3;bf-109e-1;fighter;Bf 109 E-3
bf-109e-3_japan;bf-109e-4;fighter;Bf 109 E-7 (Japan)
bf-109e-4;bf-109e-4;fighter;Bf 109 E-4
bf-109e-7;bf-109e-4;fighter;Bf 109 E-7/U2
bf-109f-1;bf-109f-1;fighter;Bf 109 F-1
bf-109f-2;bf-109f-1;fighter;Bf 109 F-2
bf-109f-4;bf-109f-4;fighter;Bf 109 F-4
bf-109f-4_hungary;bf-109f-4;fighter;Bf 109 F-4 (Hungary)
bf-109f-4_trop;bf-109f-4_trop;fighter;Bf 109 F-4/trop
bf-109f-4_usa;bf-109f-4;fighter;Bf 109 F-4 (USA)
bf-109g-10;bf-109g-10;fighter;Bf 109 G-10
bf-109g-14;bf-109g-14;fighter;Bf 109 G-14
bf-109g-14as;bf-109g-14as;fighter;Bf 109 G-14/AS
bf-109g-2;bf-109g-2;fighter;Bf 109 G-2/trop
bf-109g-2_finland;bf-109g-2_romania;fighter;Bf 109 G-2 (Finland)
bf-109g-2_hungary;bf-109g-2_romania;fighter;Bf 109 G-2 (Hungary)
bf-109g-2_romania;bf-109g-2_romania;fighter;Bf 109 G-2
bf-109g-6;bf-109g-6;fighter;Bf 109 G-6
bf-109g-6_erla_finland;bf-109g-6;fighter;Bf 109 G-6 Erla (Finland)
bf-109g-6_finland;bf-109g-6;fighter;Bf 109 G-6 (Finland)
bf-109k-4;bf-109k-4;fighter;Bf 109 K-4
bf-109z;bf-109z;fighter;Bf 109 Z-1
bf-110c-4;bf-110c-7;strike;Bf 110 C-7
bf-110c-6;bf-110c-6;strike;Bf 110 C-6
bf-110f-2;bf-110f-2;strike;Bf 110 F-2
bf-110g-2;bf-110g-2;strike;Bf 110 G-2
bf2c_1;bf2c_1;fighter;BF2C-1 Goshawk
bf_110g_4;bf-110g-4;strike;Bf 110 G-4
bf_110g_4_hungary;bf-110g-4;strike;Bf 110 G-4 (Hungary)
bi;bi;fighter;BI
blenheim_mkiv;blenheim_mkiv;bomber;Blenheim Mk IV
bo_105cb2;bo_105cb2;helicopter;BO 105 CB-2
bo_105pah1;bo_105pah1;helicopter;BO 105 PAH-1
bo_105pah1_a1;bo_105pah1_a1;helicopter;BO 105 PAH-1A1
boomerang_mki;boomerang_mki;fighter;Boomerang Mk I
boomerang_mkii;boomerang_mkii;fighter;Boomerang Mk II
boston_mk_1;boston_mk_1;bomber;Boston Mk I
br_20_dr;br_20_dr;bomber;B.R.20DR
br_20m_m1;br_20_dr;bomber;B.R.20M M1
br_693_ab2;br_693_ab2;strike;Br.693AB2
breda_88;breda_88;strike;Breda 88 (P.XI)
brigand_b1;brigand_b1;bomber;Brigand B 1
btd-1;btd-1;bomber;BTD-1 Destroyer
buccaneer_s1;buccaneer_s1;strike;Buccaneer S.1
buccaneer_s2;buccaneer_s2;strike;Buccaneer S.2
buccaneer_s2b;buccaneer_s2b;strike;Buccaneer S.2B
bv-138c-1;bv-138c-1;bomber;BV 138 C-1
bv-155b-1;bv-155b-1;fighter;BV 155 B-1
bv-238;bv-238;bomber;BV 238
c-47;c-47;bomber;C-47
c_3604;c_3604;strike;С-3604 (Germany)
canberra_bimk6;canberra_bimk6;bomber;Canberra B (I) Mk 6
canberra_bimk6_france_killstreak;canberra_bmk2;bomber;Canberra B Mk 6 (France)
canberra_bimk6_germany_killstreak;canberra_bmk2;bomber;Canberra B Mk 6 (Germany)
canberra_bimk6_iaf_killstreak;canberra_bmk2;bomber;Canberra B Mk 6 (Israel)
canberra_bimk6_italy_killstreak;canberra_bmk2;bomber;Canberra B Mk 6 (Italy)
canberra_bimk6_japan_killstreak;canberra_bmk2;bomber;Canberra B Mk 6 (Japan)
canberra_bimk6_killstreak;canberra_bmk2;bomber;Canberra B Mk 6 (canberra_bimk6_killstreak)
canberra_bimk6_sweden_killstreak;canberra_bmk2;bomber;Canberra B Mk 6 (Sweden)
canberra_bimk6_usa_killstreak;canberra_bmk2;bomber;Canberra B Mk 6 (USA)
canberra_bmk2;canberra_bmk2;bomber;Canberra B Mk 2
caudron_cr714;caudron_cr714;fighter;C.R.714
corsair_fmk2;corsair_fmk2;fighter;Corsair F Mk II
cr_32;cr_32;fighter;CR.32
cr_32_bis;cr_32_bis;fighter;CR.32 bis
cr_32_quater;cr_32_quater;fighter;CR.32 quater
cw_21;cw_21;fighter;CW-21
d3a1;d3a1;bomber;D3A1
d4y1;d4y1;bomber;D4Y1
d4y2;d4y2;bomber;D4Y2
d4y3;d4y3;bomber;D4Y3 Ko
d_371;d_371;fighter;D.371
d_371_hs9;d_371_hs9;fighter;D.371 H.S.9
d_373;d_373;fighter;D.373
d_500;d_500;fighter;D.500
d_501;d_501;fighter;D.501
d_510;d_510;fighter;Pallier's D.510
d_510c;d_510;fighter;D.510C
d_520;d_520;fighter;D.520
d_520_france;d_520_france;fighter;D.520 (France)
d_521;d_521;fighter;D.521
db_3a_china;db_3a;bomber;DB-3A (China)
db_3b;db_3b;bomber;DB-3B
db_7;db_7;bomber;DB-7
dh_110_sea_vixen;dh_110;fighter;DH.110 Sea Vixen F.A.W. Mk.2
do_17e_1;do_17e_1;bomber;Do 17 E-1
do_17z_2;do_17z_2;bomber;Do 17 Z-2
do_17z_7;do_17z_7;bomber;Do 17 Z-7
do_217e_2;do_217e_2;bomber;Do 217 E-2
do_217e_4;do_217e_4;bomber;Do 217 E-4
do_217j_1;do_217j_1;bomber;Do 217 J-1
do_217j_2;do_217j_2;bomber;Do 217 J-2
do_217k_1;do_217k_1;bomber;Do 217 K-1
do_217m_1;do_217m_1;bomber;Do 217 M-1
do_217n_1;do_217n_1;bomber;Do 217 N-1
do_217n_2;do_217n_2;bomber;Do 217 N-2
do_335a_0;do_335a_0;strike;Do 335 A-0
do_335a_1;do_335a_1;strike;Do 335 A-1
do_335b_2;do_335b_2;strike;Do 335 B-2
douglas_a_1h;douglas_a_1h;strike;A-1H Skyraider
douglas_ad_2;douglas_ad_2;strike;AD-2 Skyraider
douglas_ad_4;douglas_ad_4;strike;AD-4 Skyraider
douglas_ad_4_france;douglas_ad_4_france;strike;AD-4 Skyraider (France)
douglas_ad_4na_france;douglas_ad_4na_france;strike;AD-4NA Skyraider (France)
e7k2;e7k2;bomber;E7K2
e8n2;e8n2;bomber;E8N2
ef_2000_block_10;ef_2000_block_10;fighter;EF-2000 Typhoon (Block 10 T2) (Germany)
ef_2000_fgr4;typhoon_fgr4;fighter;EF-2000 Typhoon FGR.4
ef_2000a;f_2000a;fighter;F-2000A Typhoon
er-2_ach30b_early;er-2_ach30b_early;bomber;Yer-2 (ACh-30B) Early
er-2_ach30b_late;er-2_ach30b_early;bomber;Yer-2 (ACh-30B) Late
er-2_m105_mv3;er-2_m105_mv3;bomber;Yer-2 (M-105)
er-2_m105_tat;er-2_m105_mv3;bomber;Yer-2 (M-105) TAT-BT
er-2_m105r_lu2b;er-2_m105_mv3;bomber;Yer-2 (M-105R) LU-MV-2B
er-2_m105r_tat;er-2_m105_mv3;bomber;Yer-2 (M-105R) TAT-BT
etndard_4m;etendard_4m;strike;Etendard IVM
f-100a_china;f-100a_china;fighter;F-100A Super Sabre (China)
f-100d;f_100d;fighter;F-100D Super Sabre
f-100d_france;f_100d;fighter;F-100D Super Sabre (France)
f-104a;f_104a;fighter;F-104A Starfighter
f-104a_china;f_104a;fighter;F-104A Starfighter (China)
f-104c;f_104c;fighter;F-104C Starfighter
f-104g;f_104g;fighter;F-104G Starfighter (Germany)
f-104g_belgium;f_104g;fighter;F-104G Starfighter (Belgium)
f-104g_china;f_104g_italy;fighter;F-104G Starfighter (China)
f-104g_italy;f_104g_italy;fighter;F-104G Starfighter (Italy)
f-104j;f_104j;fighter;F-104J Starfighter
f-104s;f_104s;fighter;F-104S Starfighter
f-104s_asa;f_104s_asa;fighter;F-104S.ASA Starfighter
f-104s_cb;f_104s_cb;fighter;F-104S Starfighter TAF
f-105d;f_105d;strike;F-105D Thunderchief
f-4c;f-4c;fighter;F-4C Phantom II
f-4e;f-4e;fighter;F-4E Phantom II
f-4e_iaf;f-4e_iaf;fighter;F-4E Kurnass (Israel)
f-4e_kurnass_2000;f-4e_iaf;fighter;F-4E Kurnass 2000
f-4ej;f-4ej;fighter;F-4EJ Phantom II
f-4ej_adtw;f-4ej;fighter;F-4EJ Phantom II ADTW
f-4ej_kai;f-4ej;fighter;F-4EJ Kai Phantom II
f-4f;f-4f;fighter;F-4F Phantom II (Early) (Germany)
f-4f_kws_lv;f-4f_kws_lv;fighter;F-4F KWS LV (ICE) Phantom II (Germany)
f-4f_late;f-4f;fighter;F-4F Phantom II (Germany)
f-4j;f-4j;fighter;F-4J Phantom II
f-4jk;f-4j;fighter;F-4J(UK) Phantom II
f-4k;f-4k;fighter;Phantom FG.1
f-4m_fgr2;f-4m_fgr2;fighter;Phantom FGR.2
f-4s;f-4s;fighter;F-4S Phantom II
f-5a;f_5a;fighter;F-5A Freedom Fighter
f-5a_china;f_5a;fighter;F-5A Freedom Fighter (China)
f-5a_thailand;f_5a;fighter;F-5A Freedom Fighter (Thailand)
f-5ag_norway;f_5a;fighter;F-5A(G) Tiger-PAWS (Norway)
f-5c;f_5a;fighter;F-5C Skoshi Tiger
f-5e;f_5e;fighter;F-5E Tiger II
f-5e_aidc;f_5e_aidc;fighter;AIDC F-5E (China)
f-5e_fcu_thailand;f_5e_fcu_thailand;fighter;F-5E FCU (Thailand)
f-5e_switzerland;f-5e_switzerland;fighter;F-5E Tiger II (Germany)
f-5t_thailand;f_5t_thailand;fighter;F-5T Tigris SCU (Thailand)
f-80;f-80;fighter;F-80C-10 Shooting Star
f-80a;f-80a;fighter;F-80A-5 Shooting Star
f-82e;f-82e;fighter;F-82E Twin Mustang
f-84b;f-84b;strike;F-84B-26 Thunderjet
f-84f;f-84f;strike;F-84F Thunderstreak
f-84f_france;f-84f;strike;F-84F Thunderstreak (France)
f-84f_germany;f-84f;strike;F-84F Thunderstreak (Germany)
f-84f_iaf;f-84f;strike;F-84F Thunderstreak (Israel)
f-84f_israel_iaf;f-84f;strike;F-84F Thunderstreak (Israel)
f-84f_italy;f-84f;strike;F-84F Thunderstreak (Italy)
f-84g-31-re_china;f-84g;strike;F-84G-31-RE Thunderjet (China)
f-84g;f-84g;strike;F-84G-21-RE Thunderjet
f-84g_china;f-84g;strike;F-84G-21-RE Thunderjet (China)
f-84g_france;f-84g_france;strike;F-84G-26-RE Thunderjet (France)
f-84g_italy;f-84g;strike;F-84G-21-RE Thunderjet (Italy)
f-84g_thailand;f-84g;strike;F-84G-21-RE Thunderjet (Thailand)
f-86_canadair_german;f-86_canadair_german;fighter;CL-13A Sabre Mk 5 (Germany)
f-86_cl_13_mk4_italy;f-86e;fighter;CL-13 Sabre Mk.4 (Italy)
f-86_cl_13b_mk6;f-86_cl_13b_mk6;fighter;CL-13B Sabre Mk.6 (Germany)
f-86a-5;f-86a-5;fighter;F-86A-5 Sabre
f-86f-2;f-86f-25;fighter;F-86F-2 Sabre
f-86f-25;f-86f-25;fighter;F-86F-25 Sabre
f-86f-30_china;f-86f-25;fighter;F-86F-30 Sabre (China)
f-86f-30_japan;f-86f-25;fighter;F-86F-30 Sabre  (Japan)
f-86f-35;f-86f-25;fighter;F-86F-35 Sabre
f-86f-40_china;f-86f-40_japan;fighter;F-86F-40 Sabre (China)
f-86f-40_japan;f-86f-40_japan;fighter;F-86F-40 Sabre  (Japan)
f-86f-40_japan_blue_impulse;f-86f-40_japan;fighter;F-86F-40 JASDF Sabre (Japan)
f-86k_late;f-86k;fighter;F-86K Sabre
f-86k_late_german;f-86k;fighter;F-86K Sabre (Germany)
f-86k_late_italy;f-86k;fighter;F-86K Sabre (Italy)
f-89b;f-89b;fighter;F-89B
f-89d;f-89d;fighter;F-89D
f-8e;f-8e;fighter;F-8E Crusader
f-8e_fn;f-8e_fn;fighter;F-8E(FN) Crusader II
f1;f1;fighter;Mitsubishi F-1
f11f_1_late;f11f_1_late;fighter;F11F-1 Tiger
f1m2;f1m2;bomber;F1M2
f2a-1;f2a-1;fighter;F2A-1 Buffalo
f2a-1_thach;f2a-1;fighter;John Thach's F2A-1 Buffalo
f2a-3;f2a-3;fighter;F2A-3 Buffalo
f2g-1;f2g-1;fighter;F2G-1
f2h-2;f2h-2;fighter;F2H-2 Banshee
f3d_1;f3d_1;strike;F3D-1
f3f-2;f3f-2;fighter;F3F-2
f3f-2_galer;f3f-2;fighter;Galer's F3F-2
f3h-2;f3h-2;fighter;F3H-2 Demon
f4d_1;f4d-1;fighter;F4D-1 Skyray
f4f-3;f4f-3;fighter;F4F-3 Wildcat
f4f-4;f4f-4;fighter;F4F-4 Wildcat
f4f-4_martlet_mk4;f4f-4_martlet_mk4;fighter;Martlet Mk IV
f4u-1a;f4u-1a;fighter;F4U-1A Corsair
f4u-1a_japan;f4u-1a;fighter;F4U-1A Corsair (Japan)
f4u-1a_usmc;f4u-1a_usmc;fighter;F4U-1A (USMC) Corsair
f4u-1c;f4u-1c;fighter;F4U-1C Corsair
f4u-1d;f4u-1d;fighter;F4U-1D Corsair
f4u-4;f4u-4;fighter;F4U-4 Corsair
f4u-4b;f4u-4b;fighter;F4U-4B Corsair
f4u-4b_vmf_214;f4u-4b;fighter;F4U-4B VMF-214
f4u-6_au-1;f4u-6_au-1;strike;AU-1 Corsair
f4u-7;f4u-7;fighter;F4U-7 Corsair
f6f-3;f6f-5;fighter;F6F-5 Hellcat
f6f-5_france;f6f-5_france;fighter;F6F-5 Hellcat (France)
f6f-5n;f6f-5n;fighter;F6F-5N Hellcat
f6f-5n_france;f6f-5n_france;fighter;F6F-5N Hellcat (France)
f7f1;f7f1;fighter;F7F-1 Tigercat
f7f3;f7f3;fighter;F7F-3 Tigercat
f8f1;f8f1;fighter;F8F-1 Bearcat
f8f1b;f8f1b;fighter;F8F-1B Bearcat
f8f1b_france;f8f1b_france;fighter;F8F-1B Bearcat (France)
f8u-2;f8u-2;fighter;F8U-2 Crusader II
f9f-2;f9f-2;fighter;F9F-2 Panther
f9f-5;f9f-5;fighter;F9F-5 Panther
f9f-8;f9f-8;fighter;F9F-8 Cougar
f_100f_china;f_100f;fighter;F-100F Super Sabre (China)
f_111a;f_111a;strike;F-111A Aardvark
f_111c_raaf;f_111c;strike;F-111C Aardvark
f_111f;f_111f;strike;F-111F Aardvark
f_117;f_117;strike;F-117
f_14a_early;f_14a_early;fighter;F-14A Tomcat (Early)
f_14a_iriaf;f_14a_iriaf;fighter;F-14A Tomcat (Early) IRIAF
f_14b;f_14b;fighter;F-14B Tomcat
f_15a;f_15a;fighter;F-15A Eagle
f_15a_iaf;f_15a;fighter;F-15A Baz (Israel)
f_15c_baz_msip;f_15c_baz_msip;fighter;F-15C Baz (Improved) Meshupar
f_15c_msip2;f_15c_msip2;fighter;F-15C MSIP II Eagle
f_15e;f_15e;strike;F-15E Strike Eagle
f_15i_raam;f_15i_raam;strike;F-15I Ra’am
f_15j;f_15j;fighter;F-15J Eagle
f_15j_kai;f_15j_kai;fighter;F-15J(M) Eagle
f_16a_block_10;f_16a_block_10;fighter;F-16A Block 10 Fighting Falcon
f_16a_block_10_iaf;f_16a_block_10;fighter;F-16A Block 10 Netz (Israel)
f_16a_block_10_netz_mod;f_16a_block_10;fighter;F-16A Block 10 Netz (Mod)
f_16a_block_15_adf;f_16a_block_15_adf;fighter;F-16A Block 15 ADF Fighting Falcon
f_16a_block_15_adf_italy;f_16a_block_15_adf_italy;fighter;F-16A Block 15 ADF Fighting Falcon (Italy)
f_16a_block_15_belgium;f_16a_block_15_belgium;fighter;F-16A Block 15 Fighting Falcon (Belgium)
f_16a_block_15_ocu_thailand;f_16a_block_15_ocu_thailand;fighter;F-16A Block 15 OCU Fighting Falcon (Thailand)
f_16a_block_20_mlu;f_16a_block_20_mlu;fighter;F-16A Block 20 MLU Fighting Falcon (China)
f_16aj;f_16aj;fighter;F-16AJ Fighting Falcon
f_16am_block_15_mlu_belgium;f_16am_block_15_mlu_belgium;fighter;F-16AM Block 15 MLU Fighting Falcon (Belgium)
f_16c_block_40_barak_2;f_16c_block_40_barak_2;fighter;F-16C Block 40 Barak II
f_16c_block_50;f_16c_block_50;fighter;F-16C Block 50 Fighting Falcon
f_16c_block_50_missile_test;f_16c_block_50;fighter;F-16C Block 50 Fighting Falcon (Missile Test)
f_16d_block_40_barak_2;f_16d_block_40_barak_2;fighter;F-16D Block 40 Barak II
f_16d_block_40_barak_2_missile_test;f_16d_block_40_barak_2;fighter;F-16D Block 40 Barak II (Missile Test)
f_20a;f_20a;fighter;F-20A Tigershark
f_222_2;f_222_2;bomber;F.222.2
f_2a;f_2a;fighter;F-2A
f_2a_adtw;f_2a_adtw;fighter;F-2A ADTW
f_47n_25_re_china;f_47n_25_re_china;fighter;F-47N-25-RE Thunderbolt (China)
f_4e_event;f-4e;fighter;F-4E Phantom II
fa_18a;fa_18a;fighter;F/A-18A Hornet
fa_18c_early;fa_18c_early;fighter;F/A-18C (Early) Hornet
fa_18c_finland;fa_18c_finland;fighter;F-18C Hornet (Finland)
fa_18c_late;fa_18c_late;fighter;F/A-18C (Late) Hornet
fa_18c_late_switzerland;fa_18c_late_switzerland;fighter;F/A-18C (Late) Hornet (Germany)
fa_18c_mlu_2_finland;fa_18c_mlu_2_finland;fighter;F/A-18C MLU 2 Hornet (Finland)
fa_18c_switzerland;fa_18c_late_switzerland;fighter;F/A-18C Hornet (Germany)
fairey_3f_mk3b;fairey_3f_mk3b;bomber;Fairey IIIF Mk.IIIB
fau-1;fau-1;fighter;V-1
fc_20_bis;fc_20_bis;strike;F.C.20 Bis
ffa_p16;ffa_p16;fighter;FFA P-16 (Germany)
ffvs_j22_a;ffvs_j22_a;fighter;J22-A
ffvs_j22_b;ffvs_j22_b;fighter;J22-B
fiat_cr42;fiat_cr42;fighter;CR.42 Falco (Germany)
fiat_cr42_italy;fiat_cr42;fighter;CR.42 Falco (Italy)
fiat_cr42_j11;fiat_cr42;fighter;J11
fiat_cr42_marcolin;fiat_cr42;fighter;Marcolin's C.R.42 CN (Germany)
fiat_cr42_marcolin_italy;fiat_cr42;fighter;Marcolin's C.R.42 CN (Italy)
fiat_g50_seria2;fiat_g50_seria2;fighter;G.50 Freccia serie 2 (Germany)
fiat_g50_seria2_italy;fiat_g50_seria2;fighter;G.50 Freccia serie 2 (Italy)
fiat_g50_seria7as;fiat_g50_seria7as;fighter;G.50 Freccia AS serie 7 (Germany)
fiat_g50_seria7as_italy;fiat_g50_seria7as;fighter;G.50 Freccia AS serie 7 (Italy)
fiat_g91_ps;fiat_g91_ps;fighter;G.91 pre-serie
fiat_g91_r1;fiat_g91_r1;fighter;G.91 R/1
fiat_g91_r3;fiat_g91_r3;fighter;G.91 R/3 (Germany)
fiat_g91_r4;fiat_g91_r4;fighter;G.91 R/4
fiat_g91_r4_german;fiat_g91_r4;fighter;G.91 R/4 (Germany)
fiat_g91_y;fiat_g91_y;fighter;G.91 Y
fiat_g91_ys;fiat_g91_ys;fighter;G.91 YS
firebrand_tf4;firebrand_tf4;strike;Firebrand TF Mk IV
firefly_mk1;firefly_mk1;strike;Firefly F Mk I
firefly_mk4_netherlands;firefly_mk5;strike;Firefly F.Mk.IV (Netherlands)
firefly_mk5;firefly_mk5;strike;Firefly FR Mk V
fj_4b;fj_4b;strike;FJ-4B Fury
fj_4b_agm_12b;fj_4b;strike;FJ-4B VMF-232 Fury
fokker_d21_mod20;fokker_d21_mod20;fighter;Fokker D.XXI
fokker_d21_netherlands;fokker_d21_netherlands;fighter;Fokker D.XXI (Dutch)
fokker_d21_serie3_finland;fokker_d21_serie3_finland;fighter;Fokker D.XXI Series 3 (Finland)
fokker_d7;fokker_d7;fighter;Fokker D.VII
fokker_g1a;fokker_g1a;strike;Fokker G.I Mercury (Dutch)
fury_mk1;fury_mk1;fighter;Fury Mk I
fury_mk2;fury_mk2;fighter;Fury Mk II
fw-189a-1;fw_189a_1;bomber;Fw 189 A-1
fw-190a-1;fw-190a-1;fighter;Fw 190 A-1
fw-190a-4;fw-190a-4;fighter;Fw 190 A-4
fw-190a-5;fw-190a-5;fighter;Fw 190 A-5/U12
fw-190a-5_cannons;fw-190a-5_cannons;fighter;Fw 190 A-5
fw-190a-5_cannons_tutorial;fw-190a-5_cannons;fighter;Fw 190 A-5
fw-190a-5_japan;fw-190a-5_cannons;fighter;Fw 190 A-5 (Japan)
fw-190a-5_u2;fw-190a-5_u2;fighter;Fw 190 A-5/U2
fw-190a-8;fw-190a-8;fighter;Fw 190 A-8
fw-190a-8_france;fw-190a-8;fighter;NC.900 (France)
fw-190a-8_usa;fw-190a-8;fighter;Fw 190 A-8 (USA)
fw-190c;fw-190c;fighter;Fw 190 C
fw-190d-12;fw-190d-12;fighter;Fw 190 D-12
fw-190d-13;fw-190d-13;fighter;Fw 190 D-13
fw-190d-9;fw-190d-9;fighter;Fw 190 D-9
fw-190d-9_ussr;fw-190d-9;fighter;Fw 190 D-9 (USSR)
fw-190f-8;fw-190f-8;strike;Fw 190 F-8
fw_190a_5_u14;fw-190a-5_u14;fighter;Fw 190 A-5/U14
fw_200c_1;fw_200c_1;bomber;Fw 200 C-1
g4m1;g4m1;bomber;G4M1
g5n1;g5n1;bomber;G5N1 Shinzan
g5n2;g5n1;bomber;G5N2 Shinzan
g8n1;g8n1;bomber;G8N1 Renzan
g8n2;g8n1;bomber;G8N2 Renzan
g_55_serie1;g_55_serie1;fighter;G.55 Centauro serie 1
g_55_serie1_ss0;g_55_serie1_ss0;fighter;G.55 sottoserie 0
g_55s;g_55s;fighter;G.55S
g_56;g_56;fighter;G.56
g_lynx;g_lynx;helicopter;G-LYNX
gl_832;gl_832;fighter;GL.832HY
gladiator_j8a;gladiator_j8a;fighter;J8A
gladiator_j8a_iacobi;gladiator_j8a;fighter;Iacobi's J8A
gladiator_mk1_belgium;gladiator_mk1_belgium;fighter;Gladiator Mk I (Belgium)
gladiator_mk1_china;gladiator_mk2;fighter;Gladiator Mk I (China)
gladiator_mk2;gladiator_mk2;fighter;Gladiator Mk II
gladiator_mk2_france;gladiator_mk2;fighter;Gladiator Mk IIF (France)
gladiator_mk2_navy;gladiator_mk2_navy;fighter;Sea Gladiator Mk I
gladiator_mk2_silver;gladiator_mk2;fighter;Gladiator Mk IIS
gladiator_mk2_tuck;gladiator_mk2_tuck;fighter;Tuck's Gladiator Mk II
go229_v3;go229_v3;fighter;Ho 229 V3
h-75a-1_finland;p-36a;fighter;Hawk H-75A-1 (Finland)
h-75a-1_france;h_75a_1_france;fighter;H-75A-1 (France)
h-75a-1_france39;p-36a;fighter;Curtiss H75-C1-39 (France)
h-75a-2_finland;h_75a_2_finland;fighter;Hawk H-75A-2 (Germany)
h-75a-2_france;p-36a;fighter;Curtiss H75-C1-2 (France)
h-75a-2_luftwaffe;p-36a;fighter;Hawk H-75A-2
h-75a-3_finland;p-36a;fighter;Hawk H-75A-3 (Finland)
h-75a-3_france;p-36a;fighter;Curtiss H75-C1-3 (France)
h-75a-3_france_vishy;p-36a;fighter;Curtiss H75-C1-V (France)
h-75a-4_finland;p-36a;fighter;Hawk H-75A-4 (Finland)
h-75a-4_france;h_75a_4_france;fighter;H-75A-4 (France)
h-75a-4_luftwaffe;p-36a;fighter;Hawk H-75A-4
h-75a-4_raf;p-36a;fighter;Mohawk Mk IV
h-75a-5;p-36a;fighter;Hawk H-75A-5
h-75a-6;p-36a;fighter;Hawk H-75A-6
h-75a-7;p-36a;fighter;Hawk H-75A-7
h-75m;p-36a;fighter;Hawk H-75M
h-75n;p-36a;fighter;Hawk H-75N
h6k4;h6k4;bomber;H6K4
h8k2;h8k2;bomber;H8K2
h8k3;h8k3;bomber;H8K3
h_34;h_34;helicopter;H-34
h_34_france;h_34_france;helicopter;H-34 (France)
halifax_mk3;halifax_mk3;bomber;Halifax B Mk IIIa
harrier_frs1;harrier_frs1;strike;Sea Harrier FRS.1
harrier_frs1_early;harrier_frs1;strike;Sea Harrier FRS.1 Early
harrier_gr1;harrier_gr1;strike;Harrier GR.1
harrier_gr3;harrier_gr3;strike;Harrier GR.3
harrier_gr7;harrier_gr7;strike;Harrier GR.7
harrier_t10;harrier_t10;strike;Harrier T.10
hawk_iii;hawk_iii;fighter;Hawk III
he-111h-16_winter;he-111h-16_winter;bomber;He 111 H-16
he-111h-2;he-111h-2;bomber;He 111 H-3
he-111h-6;he-111h-6;bomber;He 111 H-6
he-162a-1;he-162a-2;fighter;He 162 A-1
he-162a-2;he-162a-2;fighter;He 162 A-2
he-177a-3;he-177a-5;bomber;He 177 A-3/R3 Greif
he-177a-5;he-177a-5;bomber;He 177 A-5
he51a1;he51a1;fighter;He 51 A-1
he51b1;he51b1;fighter;He 51 B-1
he51b_2w;he51b_2w;fighter;He 51 B-2 /Hydroplane
he51c1;he51c1;fighter;He 51 C-1
he51c1_late;he51c1_late;fighter;He 51 C-1 /Late
he_100d_1;he_100d_1;fighter;He 100 D-1
he_112a_0;he_112a_0;fighter;He 112 A-0
he_112b_0;he_112b_0;fighter;He 112 B-0
he_112b_1;he_112b_1;fighter;He 112 B-1/U2
he_112b_1_italy;he_112b_1;fighter;He 112 B-1/U2 (Italy)
he_112b_2;he_112b_2;fighter;He 112 B-2/U2
he_112v_5;he_112v_5;fighter;He 112 V-5
he_115a_2_sweden;he_115a_2_sweden;bomber;T 2
he_115c_1;he_115c_1;bomber;He 115 C-1
he_219a_7;he_219a_7;strike;He 219 A-7
hellcat_fmk1;f6f-5;fighter;Hellcat Mk II
hkp2;hkp2;helicopter;HKP2
hkp3c;hkp3c;helicopter;HKP3C
hkp9a_cb2;hkp9a_cb2;helicopter;HKP9A
hkp9a_cb3_fc;hkp9a_cb3_fc;helicopter;HKP9A (FC)
hornet_mk1;hornet_mk1;fighter;Hornet Mk.I
hornet_mk3;hornet_mk3;fighter;Hornet Mk.III
hp52_hampden_mk1_late;hp52_hampden_mk1_late;bomber;Hampden Mk I
hp52_hampden_tbmk1;hp52_hampden_tbmk1;bomber;Hampden TB Mk I
hp52_hampden_tbmk1_ussr_utk1;hp52_hampden_tbmk1_ussr_utk1;bomber;Hampden TB Mk I UTK-1 (USSR)
hp_12;hp_12;bomber;H.P.12
hs-123a-1;hs_123a_1;bomber;Hs 123 A-1
hs-123a-1_china;hs_123a_1;bomber;Hs 123 A-1 (China)
hs-129b-2;hs-129b-2;strike;Hs 129 B-2
hs-129b-2_romania;hs-129b-2;strike;Hs 129 B-2 (Romanian Air Force)
hs-129b-2_romania_italy;hs-129b-2;strike;Hs 129 B-2 (Romanian Air Force) (Italy)
hs-129b-3;hs-129b-3;strike;Hs 129 B-3
hudson_mk_v;hudson_mk_v;bomber;Hudson Mk V
hunter_f1;hunter_f1;fighter;Hunter F.1
hunter_f50_sweden;hunter_f4_mk50;fighter;J34
hunter_f58_switzerland;hunter_f58a;fighter;Hunter F.58 (Germany)
hunter_f58a_1971_switzerland;hunter_f58a;fighter;Hunter F.58A (1971) (Germany)
hunter_f6;hunter_f6;fighter;Hunter F.6
hunter_f6_holland;hunter_f6_holland;fighter;Hunter F.6 (Netherlands)
hunter_f9_rhodesia;hunter_f9;fighter;Hunter FGA.9
hurricane_mk1;hurricane_mk1;fighter;Hurricane Mk I Late
hurricane_mk1_late;hurricane_mk1;fighter;Hurricane Mk I Late
hurricane_mk1_late_ep;hurricane_mk1;fighter;Hurricane Mk.I/L FAA M
hurricane_mk1_late_finland;hurricane_mk1;fighter;Hurricane Mk I Late (Finland)
hurricane_mk1b;hurricane_mk1b;fighter;Sea Hurricane Mk IB
hurricane_mk1c;hurricane_mk1c;fighter;Sea Hurricane Mk IC
hurricane_mk4;hurricane_mk4;strike;Hurricane Mk IV
hurricanemkii;hurricanemkii;fighter;Hurricane Mk IIB/Trop
hurricanemkii_ussr;hurricanemkii_ussr;fighter;Hurricane Mk IIB (USSR)
i-153_m62;i-153_m62;fighter;I-153 M-62 Chaika
i-153_m62_china;i-153_m62;fighter;I-153 M-62 (China)
i-153_m62_zhukovskiy;i-153_m62;fighter;Zhukovsky's I-153-M62
i-153p;i-153p;fighter;I-153P Chaika
i-15_1934;i-15_1934;fighter;I-15 WR
i-15_1935;i-15_1935;fighter;I-15 M-22
i-15_1935_moscow;i-15_1935_moscow;fighter;I-15 M-25
i-15bis;i-15bis;fighter;I-15bis
i-15bis_china;i-15bis;fighter;I-15bis (China)
i-15bis_krasnolutsky;i-15bis_krasnolutsky;fighter;Krasnolutsky's I-15bis
i-16_chung_28;i-16_chung_28;fighter;I-16 Chung 28 (China)
i-16_type10;i-16_type10;fighter;I-16 type 10 Ishak
i-16_type10_china;i-16_type10;fighter;I-16 type 10 (China)
i-16_type17_china;i-16_type17;fighter;I-16 type 17 (China)
i-16_type18;i-16_type18;fighter;I-16 type 18 Ishak
i-16_type24;i-16_type24;fighter;I-16 type 24 Ishak
i-16_type27;i-16_type27;fighter;I-16 type 27 Ishak
i-16_type28;i-16_type28;fighter;I-16 type 28 Ishak
i-16_type5;i-16_type5;fighter;I-16 type 5 Ishak
i-16_type5_1935_china;i-16_type5;fighter;I-16 type 5 (China)
i_180;i_180;fighter;I-180S
i_180_event01;i_180_event01;fighter;I-180S (defective)
i_180_event02;i_180_event02;fighter;I-180S (defective)
i_180_event03;i_180_event03;fighter;I-180S (defective)
i_180_event04;i_180_event04;fighter;I-180S (defective)
i_185_m71_standard;i_185_m71_standard;fighter;I-185 (M-71)
i_185_m82;i_185_m82;fighter;I-185 (M-82)
i_225;i-225;fighter;I-225
i_29;i_29;fighter;I-29
iar_316b;iar_316b;helicopter;IAR 316B
iar_81c;iar-81c;fighter;IAR-81C
iar_93b;iar_93b;strike;IAR-93B
il-10;il-10;strike;IL-10
il-10_1946;il-10_1946;strike;IL-10 (1946)
il-10_1946_china;il-10_1946;strike;IL-10 (1946) (China)
il-10_1946_hungary;il-10_1946;strike;IL-10 Párduc (Hungary)
il-2i;il-2i;strike;IL-2 (1942)
il-2m;il-2m;strike;IL-2M type 3
il-2m_mstitel;il-2m_mstitel;strike;IL-2M "Avenger"
il-4;il-4;bomber;IL-4
il_28;il_28;bomber;IL-28
il_28_china;il_28;bomber;H-5 (China)
il_28_china_killstreak;il_28;bomber;IL-28 (China)
il_28_german;il_28;bomber;IL-28 (Germany)
il_28_hungary;il_28;bomber;IL-28 (Hungary)
il_28_killstreak;il_28;bomber;IL-28 (il_28_killstreak)
il_28sh;il_28sh;bomber;IL-28Sh
il_2_1941;il_2_1941;strike;IL-2 (1941)
il_2_1942_luftwaffe;il-2i;strike;IL-2 (1942) (Germany)
il_2_37_1943;il_2_37_1943;strike;IL-2-37
il_2_m82;il_2_m82;strike;IL-2 M-82
il_2m_1943;il_2m_1943;strike;IL-2M (1943)
il_8_1944;il_8;strike;IL-8 (1944)
intruder_mk_1;intruder_mk_1;bomber;Havoc Mk I
itp_m1;itp-m1;fighter;ITP (M-1)
j1n1_mod11_early;j1n1_mod11_early;bomber;J1N1
j2m2;j2m2;fighter;J2M2 Raiden
j2m3;j2m3;fighter;J2M3 Raiden
j2m4_kai;j2m4_kai;fighter;J2M4 Kai Raiden
j2m5;j2m5;fighter;J2M5 Raiden
j2m5_30mm;j2m5_30mm;fighter;J2M5 (Type 5) Raiden (30mm)
j5n1;j5n1;bomber;J5N1
j6b;j6b;fighter;J6B
j6k1;j6k1;fighter;J6K1
j7w1;j7w1;fighter;J7W1 Shinden
j8m1;j8m1;fighter;Ki-200 Shusui
j9_early;j9_early;fighter;J9 Early
j_10a;j_10a;fighter;J-10A (Early)
j_11;j_11;fighter;J-11
j_11a;j_11a;fighter;J-11A
j_11b;j_11b;fighter;J-11B
j_7_mk2;j_7_mk2;fighter;J-7II
j_7d;j_7d;fighter;J-7D
j_7e;j_7e;fighter;J-7E
j_8b;j_8b;fighter;J-8B
j_8f;j_8f;fighter;J-8F
j_8f_missile_test;j_8f;fighter;J-8F (Missile Test)
jaguar_a;jaguar_a;strike;Jaguar A
jaguar_a_germany_killstreak;jaguar_a;strike;Jaguar A (Germany)
jaguar_a_iaf_killstreak;jaguar_a;strike;Jaguar A (Israel)
jaguar_a_italy_killstreak;jaguar_a;strike;Jaguar A (Italy)
jaguar_a_japan_killstreak;jaguar_a;strike;Jaguar A (Japan)
jaguar_a_killstreak;jaguar_a;strike;Jaguar A (jaguar_a_killstreak)
jaguar_a_sweden_killstreak;jaguar_a;strike;Jaguar A (Sweden)
jaguar_a_uk_killstreak;jaguar_a;strike;Jaguar A (Britain)
jaguar_a_usa_killstreak;jaguar_a;strike;Jaguar A (USA)
jaguar_e;jaguar_e;strike;Jaguar E
jaguar_gr1;jaguar_gr1;strike;Jaguar GR.1
jaguar_gr1a;jaguar_gr1a;strike;Jaguar GR.1A
jaguar_is;jaguar_is;strike;Jaguar IS
javelin_fmk9;javelin_fmk9;fighter;Javelin F.(A.W.) Mk.9
jf_17;jf_17;strike;JF-17 Thunder
jh_7a;jh_7a;strike;JH-7A Flying Leopard II
ju-188a-2;ju-188a-2;bomber;Ju 188 A-2
ju-288c;ju-288c;bomber;Ju 288 C
ju-388j;ju-388j;bomber;Ju 388 J
ju-52;ju-52;bomber;Ju 52
ju-87b-2;ju-87b-2;bomber;Ju 87 B-2
ju-87d-3;ju-87d-3;bomber;Ju 87 D-3
ju-87d-3_italy;ju-87d-3;bomber;Ju 87 D-3 (Italy)
ju-87d-5;ju-87d-5;bomber;Ju 87 D-5
ju-87g_1;ju-87g_1;strike;Ju 87 G-1
ju-87g_2;ju-87g_2;strike;Ju 87 G-2
ju-87r-2;ju-87r-2;bomber;Ju 87 R-2
ju-87r-2_italy;ju-87r-2;bomber;Ju 87 R-2 (Italy)
ju-87r-2_snake;ju-87r-2;bomber;Ju 87 R-2 Libya
ju-88a-1;ju-88a-1;bomber;Ju 88 A-1
ju-88a-4;ju-88a-4;bomber;Ju 88 A-4
ju-88a-4_finland;ju-88a-4;bomber;Ju 88 A-4 (Finland)
ju-88c-6;ju-88c-6;bomber;Ju 88 C-6
ka_29;ka_29;helicopter;Ka-29
ka_50;ka_50;helicopter;Ka-50
ka_52;ka_52;helicopter;Ka-52
kfir_c10_colombia;kfir_c10_colombia;fighter;Kfir C.10 (Block 60) (Colombia)
kfir_c2;kfir_c2;fighter;Kfir C.2
kfir_c7;kfir_c7;fighter;Kfir C.7
kfir_canard;kfir_canard;fighter;Kfir Canard
ki-27_otsu;ki-27_otsu;fighter;Ki-27 otsu
ki-27_otsu_china;ki-27_otsu;fighter;Ki-27 otsu (China)
ki-27_otsu_ep;ki-27_otsu;fighter;Ki-27 otsu Tachiarai
ki-45_hei;ki-45_ko;strike;Ki-45 hei Toryu
ki-45_hei_tei;ki-45_ko;strike;Ki-45 hei/tei Toryu
ki-45_hei_tei_china;ki-45_ko;strike;Ki-45 hei/tei Toryu (China)
ki-45_ko;ki-45_ko;fighter;Ki-45 ko Toryu
ki-45_ko_tei;ki-45_ko;strike;Ki-45 ko/tei Toryu
ki-45_otsu;ki-45_ko;strike;Ki-45 otsu Toryu
ki-45_tei;ki-45_tei;fighter;Ki-45 tei Toryu
ki-49_1;ki-49_1;bomber;Ki-49-I Donryu
ki-49_2a;ki-49_2a;bomber;Ki-49-IIa Donryu
ki-49_2b;ki-49_2b;bomber;Ki-49-IIb Donryu
ki-49_2b_late;ki-49_2b;bomber;Ki-49-IIb Donryu /Late
ki-83;ki-83;bomber;Ki-83
ki-96;ki-96;bomber;Ki-96
ki_100_2;ki_100_2;fighter;Ki-100-II
ki_100_early;ki_100_early;fighter;Ki-100
ki_102_otsu;ki_102_otsu;bomber;Ki-102 otsu
ki_108;ki_108;bomber;Ki-108 Kai
ki_109;ki_109;strike;Ki-109
ki_10_1;ki_10_1;fighter;Ki-10-I
ki_10_1_commander;ki_10_1;fighter;Ki-10-I C
ki_10_2;ki_10_2;fighter;Ki-10-II
ki_10_2_commander;ki_10_2;fighter;Ki-10-II C
ki_21_1hei;ki_21_1hei;bomber;Ki-21-I hei
ki_21_1ko;ki_21_1ko;bomber;Ki-21-Ia
ki_32;ki_32;bomber;Ki-32
ki_43_1;ki_43_1;fighter;Ki-43-I Hayabusa
ki_43_2;ki_43_2;fighter;Ki-43-II Hayabusa
ki_43_2_late;ki_43_2;fighter;Ki-43-II Hayabusa (USA)
ki_43_3_ko;ki_43_3_ko;fighter;Ki-43-III ko Hayabusa (China)
ki_43_3_otsu;ki_43_3_otsu;fighter;Ki-43-III otsu Hayabusa
ki_44_1;ki_44_1;fighter;Ki-44-I Shoki
ki_44_1_ep;ki_44_1;fighter;Ki-44-I 34 Shoki
ki_44_2_hei;ki_44_2_hei;fighter;Ki-44-II hei Shoki
ki_44_2_hei_china;ki_44_2_hei;fighter;Ki-44-II hei Shoki (China)
ki_44_2_otsu;ki_44_2_otsu;fighter;Ki-44-II otsu Shoki
ki_48_2_otsu;ki_48_2_otsu;bomber;Ki-48-II otsu
ki_48_2_otsu_event;ki_48_2_otsu;bomber;Ki-48-II otsu
ki_61_1a_hei;ki_61_1a_hei;fighter;Ki-61-I hei Hien
ki_61_1a_hei_ep;ki_61_1a_hei;fighter;Tada's Ki-61-I hei Hien
ki_61_1a_ko;ki_61_1a_ko;fighter;Ki-61-I ko Hien
ki_61_1a_otsu;ki_61_1a_otsu;fighter;Ki-61-I otsu Hien
ki_61_1a_otsu_china;ki_61_1a_otsu;fighter;Ki-61-I otsu Hien (China)
ki_61_1a_otsu_usa;ki_61_1a_otsu;fighter;Ki-61-Ib Hien (USA)
ki_61_1a_tei;ki_61_1a_tei;fighter;Ki-61-I tei Hien
ki_61_2_early;ki_61_2_early;fighter;Ki-61-II Otsu Kai
ki_67_1_ko;ki_67_1_ko;bomber;Ki-67-I Ko
ki_67_1_otsu;ki_67_1_otsu;bomber;Ki-67-I otsu
ki_84_hei;ki_84_hei;fighter;Ki-84 hei Hayate
ki_84_ko;ki_84_ko;fighter;Ki-84 ko Hayate
ki_84_ko_china;ki_84_ko;fighter;Ki-84 ko Hayate (China)
ki_84_otsu;ki_84_otsu;fighter;Ki-84 otsu Hayate
ki_87;ki_87;fighter;Ki-87
ki_94_2;ki_94_2;fighter;Ki-94-II
kitsuka;kitsuka;fighter;Kikka
kor_1;kor_1;bomber;KOR-1
l_39za;l_39za;strike;L-39ZA Albatros (USSR)
la-11;la-11;fighter;La-11
la-11_china;la-11;fighter;La-11 (China)
la-15;la-15;fighter;La-15
la-5_type37_early;la-5_type37_early;fighter;La-5
la-5_type39;la-5f_type_39;fighter;La-5F
la-5fn;la-5fn;fighter;La-5FN
la-5fn_luftwaffe;la-5fn;fighter;La-5FN (Germany)
la-7;la-7;fighter;La-7
la-7_dolgushin;la-7;fighter;Dolgushin's La-7
la-7b-20;la-7b-20;fighter;La-7B-20
la-9;la-9;fighter;La-9
la-9_china;la-9;fighter;La-9 (China)
la_174;la_174;fighter;La-174
la_200_toriy;la_200_toriy;fighter;La-200
lagg-3-1;lagg-3-1;fighter;LaGG-3-1
lagg-3-11;lagg-3-11;fighter;LaGG-3-11
lagg-3-23;lagg-3-23;fighter;LaGG-3-23
lagg-3-29;lagg-3-29;fighter;LaGG-3-29
lagg-3-34;lagg-3-34;fighter;LaGG-3-34
lagg-3-35;lagg-3-35;fighter;LaGG-3-35
lagg-3-4;lagg-3-4;fighter;LaGG-3-4
lagg-3-66;lagg-3-66;fighter;LaGG-3-66
lagg-3-8;lagg-3-8;fighter;LaGG-3-8
lagg-i-301;lagg-i-301;fighter;I-301
lancaster_mk1;lancaster_mk1;bomber;Lancaster B Mk I
lancaster_mk3;lancaster_mk3;bomber;Lancaster B Mk III
lancaster_mr7_france;lancaster_mr7_france;bomber;Lancaster MR.7 (France)
late_298d;late_298d;bomber;Late 298D
leo_451_early;leo_451_early;bomber;LeO 451 early
leo_451_late;leo_451_late;bomber;LeO 451 late
li-2;li-2;bomber;Li-2
lightning_f53;lightning_f6;fighter;Lightning F.53
lightning_f6;lightning_f6;fighter;Lightning F.6
lincoln_b2;lincoln_b2;bomber;Lincoln B Mk II
loire_130;loire_130;bomber;Loire 130С
lynx_ah_mk1;lynx_ah_mk1;helicopter;Lynx AH.Mk.1
martin_139wc;martin_139wc;bomber;Martin 139WC
marut_mk1;marut_mk1;strike;HF-24 Marut
maryland_mk1_france;maryland_mk1;bomber;Martin 167-A3 (France)
mb_151c1;mb_151c1;fighter;M.B.151C.1
mb_152c1;mb_152c1;fighter;M.B.152C1
mb_157;mb_157;fighter;M.B.157
mb_162;mb_162;bomber;M.B.162
mb_174_a3;mb_174_a3;bomber;M.B.174A-3
mb_175t;mb_175t;bomber;M.B.175T
mb_5;mb_5;fighter;MB.5
mbr-2;mbr-2;bomber;MBR-2-M-34
mc-202;mc-202;fighter;C. 202 Folgore (Germany)
mc-202_d;mc-202_d;fighter;C. 202D Folgore
mc-202_ec;mc-202_ec;fighter;C. 202EC
mc-202_italy;mc-202;fighter;C. 202 Folgore (Italy)
mc-205_n2;mc-205_n2;fighter;C. 205N2
mc-205_serie1;mc-205_serie1;fighter;C. 205 serie 1
mc-205_serie3;mc-205_serie3;fighter;C. 205 serie 3
mc200_serie3;mc200_serie3;fighter;C. 200 Saetta serie 3 (Germany)
mc200_serie3_italy;mc200_serie3;fighter;C. 200 Saetta serie 3 (Italy)
mc200_serie7;mc200_serie7;fighter;C. 200 Saetta serie 7 (Germany)
mc200_serie7_italy;mc200_serie7;fighter;C. 200 Saetta serie 7 (Italy)
md_450b_barougan;md_450b_barougan;fighter;M.D.450B Barougan
md_450b_ouragan;md_450b_ouragan;fighter;M.D.450B Ouragan
md_450b_ouragan_iaf;md_450b_ouragan;fighter;M.D.450B Ouragan (Israel)
md_452_mystere_2a;md_452_mystere_2a;fighter;M.D.452 Mystere IIA
md_452_mystere_2c_preproduction;md_452_mystere_2c_preproduction;fighter;M.D.452 Mystere IIC pre-production
md_454_mystere_4a;md_454_mystere_4a;fighter;M.D.454 Mystere IVA
md_454_mystere_4a_iaf;md_454_mystere_4a;fighter;M.D.454 Mystere IVA (Israel)
md_460;md_460;fighter;Super Mystere B2
md_460_saar;md_460_saar;fighter;Super Mystere B2 Sa'ar
md_460_sambad;md_460_sambad;fighter;Super Mystere B2 Sambad
md_460_usa;md_460;fighter;Super Mystere B2 (USA)
md_460_yt_cup_2019;md_460;fighter;Super Mystere B2 (France)
md_500_tow_late;md_500_tow_late;helicopter;MD500-TOW Lahatut
me-163b-0;me-163b-0;fighter;Me 163 B-0
me-163b;me-163b;fighter;Me 163 B
me-262a-1a;me-262a-1a;fighter;Me 262 A-1a Schwalbe
me-262a-1a_early;me-262a-1a_early;strike;Me 262 A-1a/Jabo
me-262a-1a_u4;me-262a-1a_u4;strike;Me 262 A-1/U4 Pulkzerstörer
me-262a-2a;me-262a-2a;strike;Me 262 A-2a Sturmvogel
me-262a1_u1;me-262a_1_u1;strike;Me 262 A-1a/U1
me-262c-1a;me-262c-1a;fighter;Me 262 C-1a Heimatschützer I
me-262c-2b;me-262c-2b;fighter;Me 262 C-2b Heimatschützer II
me-410a-1;me-410a-1;strike;Me 410 A-1
me-410a-1_u2;me-410a-1;fighter;Me 410 A-1/U2
me-410a-1_u4;me-410a-1_u4;strike;Me 410 A-1/U4
me-410b-1;me-410b-1;strike;Me 410 B-1
me-410b-1_u2;me-410b-1;fighter;Me 410 B-1/U2
me-410b-2_u4;me-410b-2_u4;strike;Me 410 B-2/U4
me-410b-6_r3;me-410b-6_r3;strike;Me 410 B-6/R3
me_264;me_264;bomber;Me 264
meteor_fmk3;meteor_fmk3;fighter;Meteor F Mk 3
meteor_fmk3_navy;meteor_fmk3_navy;fighter;Sea Meteor F Mk 3
meteor_fmk4_lw;meteor_fmk4_lw;fighter;Meteor F Mk 4 type G.41F
meteor_fmk4_sw;meteor_fmk4_sw;fighter;Meteor F Mk 4 type G.41G
meteor_fmk8;meteor_fmk8;fighter;Meteor F Mk 8 G.41K
meteor_fmk8_belgium;meteor_fmk8_belgium;fighter;Meteor F Mk.8 (Belgium)
meteor_fmk8_iaf;meteor_fmk8;fighter;Meteor F Mk.8 (Israel)
meteor_fmk8_reaper;meteor_fmk8_reaper;fighter;Meteor F Mk.8 Reaper
meteor_frmk9_iaf;meteor_frmk9_iaf;fighter;Meteor FR Mk.9 (Israel)
meteor_nfmk13;meteor_nfmk13;fighter;Meteor NF Mk.13 (Israel)
mh_60l_dap;mh_60l_dap;helicopter;MH-60L DAP Black Hawk
mi_24a;mi_24a;helicopter;Mi-24A
mi_24d;mi_24v;helicopter;Mi-24D (USSR)
mi_24d_hungary;mi_24v;helicopter;Mi-24D (Hungary)
mi_24p;mi_24p;helicopter;Mi-24P
mi_24p_german;mi_24p_german;helicopter;Mi-24P (Germany)
mi_24p_german_hfs80;mi_24p_german;helicopter;Mi-24P HFS 80 (Germany)
mi_24p_hungary;mi_24p;helicopter;Mi-24P (Hungary)
mi_24v;mi_24v;helicopter;Mi-24V
mi_24v_hungary;mi_24v;helicopter;Mi-24V (Hungary)
mi_28a_sweden;mi_28a_sweden;helicopter;Mi-28A
mi_28n;mi_28n;helicopter;Mi-28N
mi_28nm;mi_28nm;helicopter;Mi-28NM
mi_35m;mi_35m;helicopter;Mi-35M
mi_35m_pakistan;mi_35m;helicopter;Mi-35M
mi_4av;mi_4av;helicopter;Mi-4AV
mi_8amtsh;mi_8amtsh;helicopter;Mi-8AMTSh
mi_8amtsh_vn;mi_8amtsh_vn;helicopter;Mi-8AMTSh-VN
mi_8tb;mi_8tb;helicopter;Mi-8TB (Germany)
mi_8tv;mi_8tv;helicopter;Mi-8TV
mig-15;mig-15;fighter;MiG-15bis
mig-15_ns23;mig-15_ns23;fighter;MiG-15
mig-15bis_ish;mig-15bis_ish;fighter;MiG-15bis ISh
mig-15bis_nr23_china;mig-15;fighter;J-2 (China)
mig-15bis_nr23_german;mig-15;fighter;MiG-15bis (Germany)
mig-15bis_nr23_hungary;mig-15;fighter;MiG-15bis (Hungary)
mig-15bis_ns23;mig-15;fighter;MiG-15bis NS-23
mig-15bis_ns23_china;mig-15;fighter;MiG-15bis NS-23 (China)
mig-17;mig-17;fighter;MiG-17
mig-17_china;mig-17;fighter;J-4 (China)
mig-17_cuba;mig-17;fighter;MiG-17AS
mig-17_f5;mig-17f;fighter;Shenyang F-5
mig-17p_lim_5p;mig-17p_lim_5p;fighter;Lim-5P (Germany)
mig-17pf_hungary;mig-17p_lim_5p;fighter;MiG-17PF (Hungary)
mig-19j_6a;mig-19j_6a;fighter;J-6A
mig-19pt;mig-19;fighter;MiG-19PT
mig-19s;mig-19s;fighter;MiG-19S (Germany)
mig-21_bis;mig-21_bis;fighter;MiG-21bis
mig-21_bis_event;mig-21_bis;fighter;MiG-21bis
mig-21_bis_lazur;mig-21_bis_lazur;fighter;MiG-21bis "Lazur-M" (Germany)
mig-21_bis_sau;mig-21_bis;fighter;MiG-21bis-SAU (Germany)
mig-21_bis_sau_hungary;mig-21_bis;fighter;MiG-21bis-SAU (Hungary)
mig-21_bison;mig-21_bison;fighter;MiG-21 Bison
mig-21_f13;mig-21_f13;fighter;MiG-21F-13
mig-21_mf;mig-21_mf;fighter;MiG-21MF (Germany)
mig-21_mf_hungary;mig-21_mf;fighter;MiG-21MF (Hungary)
mig-21_pfm;mig-21_pfm;fighter;MiG-21PFM
mig-21_s;mig-21_s;fighter;MiG-21S (R-13-300)
mig-21_smt;mig-21_smt;fighter;MiG-21SMT
mig-21_sps_k;mig-21_pfm;fighter;MiG-21 SPS-K (Germany)
mig-9;mig-9;fighter;MiG-9
mig-9_china;mig-9;fighter;MiG-9 (China)
mig-9_late_china;mig-9_ussr;fighter;MiG-9 late (China)
mig-9_ussr;mig-9_ussr;fighter;MiG-9 Late
mig_21_bis_finland;mig_21_bis_finland;fighter;MiG-21bis (Finland)
mig_23bn;mig_23bn;strike;MiG-23BN (Germany)
mig_23m;mig_23m;fighter;MiG-23M
mig_23mf_germany;mig_23mf;fighter;MiG-23MF (Germany)
mig_23mf_hungary;mig_23mf;fighter;MiG-23MF (Hungary)
mig_23ml;mig_23ml;fighter;MiG-23ML
mig_23mla;mig_23mla;fighter;MiG-23MLA (Germany)
mig_23mld;mig_23mld;fighter;MiG-23MLD
mig_27k;mig_27k;fighter;MiG-27K
mig_27m;mig_27m;fighter;MiG-27M
mig_29_9_12_germany;mig_29_9_12_germany;fighter;MiG-29 (9-12A) (Germany)
mig_29_9_12_sniper;mig_29_9_12_germany;fighter;MiG-29 Sniper
mig_29_9_12b_hungary;mig_29_9_12_germany;fighter;MiG-29 (9-12B) (Hungary)
mig_29_9_12g;mig_29_9_12g;fighter;MiG-29 (9-12G) (Germany)
mig_29_9_13;mig_29_9_13;fighter;MiG-29 (9-13)
mig_29smt_9_19;mig_29smt_9_19;fighter;MiG-29SMT (9-19)
mig_29smt_9_19_missile_test;mig_29smt_9_19;fighter;MiG-29SMT (9-19) (Missile Test)
mig_3_series_1_15;mig_3_series_1_15;fighter;MiG-3-15
mig_3_series_1_15_bk_pod;mig_3_series_1_15_bk_pod;fighter;MiG-3-15 (BK)
mig_3_series_34;mig_3_series_34;fighter;MiG-3-34
mirage_2000_5ei;mirage_2000_5ei;fighter;Mirage 2000-5Ei (China)
mirage_2000_5f;mirage_2000_5f;fighter;Mirage 2000-5F
mirage_2000_5f_missile_test;mirage_2000_5f;fighter;Mirage 2000-5F (Missile Test)
mirage_2000c_s4;mirage_2000c_s5;fighter;Mirage 2000C-S4
mirage_2000c_s5;mirage_2000c_s5;fighter;Mirage 2000C-S5
mirage_2000d_r1;mirage_2000d_r1;strike;Mirage 2000D-R1
mirage_2000d_rmv;mirage_2000d_rmv;strike;Mirage 2000D-RMV
mirage_3c;mirage_3c;fighter;Mirage IIIC
mirage_3cj;mirage_3cj;fighter;Mirage IIICJ (Shahak)
mirage_3e;mirage_3e;fighter;Mirage IIIE
mirage_3s_c70_switzerland;mirage_3s_c70_switzerland;fighter;Mirage IIIS C.70 (Germany)
mirage_4000;mirage_4000;fighter;Mirage 4000
mirage_5ba;mirage_5ba;fighter;Mirage 5BA
mirage_5f;mirage_5f;fighter;Mirage 5F
mirage_f1c;mirage_f1c;fighter;Mirage F1C
mirage_f1c_200;mirage_f1c_200;fighter;Mirage F1C-200
mirage_f1ct;mirage_f1c;fighter;Mirage F1CT
mirage_milan;mirage_milan;fighter;Milan
morko_morane;morko_morane;fighter;Mörkö-Morane
mosquito_fb_mk18;mosquito_fb_mk18;strike;Mosquito FB Mk XVIII
mosquito_fb_mk26_china;mosquito_fb_mk6;strike;Mosquito FB.Mk.26 (China)
mosquito_fb_mk6;mosquito_fb_mk6;strike;Mosquito FB Mk VI
ms_405c1;ms_405;fighter;M.S.405C1
ms_406c1;ms_406c1;fighter;M.S.406C1
ms_410c1;ms_410c1;fighter;M.S.410
n1k1_ja;n1k1_ja;fighter;N1K1-Ja
n1k1_kyuofu;n1k1_kyuofu;fighter;N1K1 Kyofu
n1k2_j;n1k2_j;fighter;N1K2-J Shiden-Kai
n1k2_jko;n1k2_j;fighter;N1K2-Ja Shiden-Kai
nc_223_3;nc_223_3;bomber;N.C.223.3
nesher;mirage_5_nesher;fighter;Nesher
nf_5a_netherlands;nf_5a_netherlands;fighter;NF-5A Freedom Fighter (Netherlands)
nimrod_mk1;nimrod_mk1;fighter;Nimrod Mk I
nimrod_mk2;nimrod_mk2;fighter;Nimrod Mk II
o3u_1;o3u_1;bomber;OS3U-1 Corsair
oh_58d;oh_58d;helicopter;OH-58D Kiowa Warrior
oh_58d_china;oh_58d;helicopter;OH-58D Kiowa Warrior (China)
os2u_1;os2u_1;bomber;OS2U-1 Kingfisher
os2u_1_naval;os2u_1;bomber;OS2U-1 Kingfisher (Naval)
os2u_3;os2u_1;bomber;OS2U-3 Kingfisher
osprey_mk4;osprey_mk4;bomber;Osprey Mk IV
p-26a_33;p-26a_33;fighter;P-26A-33 Peashooter
p-26a_34;p-26a_34;fighter;P-26A-34 Peashooter
p-26a_34_m2;p-26a_34_m2;fighter;P-26A-34 M2 Peashooter
p-26a_35;p-26a_35;fighter;P-26A-35 Peashooter
p-26b_35;p-26b_35;fighter;P-26B-35 Peashooter
p-36a;p-36a;fighter;P-36A Hawk
p-36a_brown;p-36a;fighter;Brown's P-36A Hawk
p-36a_rasmussen;p-36a;fighter;Rasmussen's P-36A Hawk
p-36c;p-36c;fighter;P-36C Hawk
p-36c_rb;p-36c;fighter;P-36C Hawk (TheRussianBadger)
p-36g;p-36g;fighter;P-36G Hawk
p-38e;p-38e;fighter;P-38E Lightning
p-38g;p-38g;fighter;P-38G-1 Lightning
p-38g_metal;p-38g;fighter;XP-38G
p-38j;p-38j;fighter;P-38J-15 Lightning
p-38j_marge;p-38j;fighter;Richard Bong's P-38J-15 Lightning
p-38k;p-38k;fighter;P-38K Lightning
p-38l;p-38l;fighter;P-38L-5-LO Lightning
p-38l_1_china_rocaf;p-38l;fighter;P-38L-1 Lightning (China)
p-39k_1;p-39k_1;fighter;P-39K-1 Airacobra (USSR)
p-39n;p-39n;fighter;P-39N-0 Airacobra
p-39n_su;p-39n_su;fighter;Pokryshkin's P-39N-0 Airacobra (USSR)
p-39q_15;p-39q_15;fighter;P-39Q-15 Airacobra (USSR)
p-39q_25_france;p-39q_25;fighter;P-39Q-25 Airacobra (France)
p-39q_5;p-39q_5;fighter;P-39Q-5 Airacobra
p-400;p-400;fighter;P-400
p-40c;p-40c;fighter;P-40C Warhawk
p-40c_china;p-40c_china;fighter;H-81A-2 (China)
p-40e;p-40e;fighter;P-40E-1 Warhawk
p-40e_china;p-40e;fighter;P-40E-1 Kittyhawk (China)
p-40e_td;p-40e;fighter;P-40E-1 TD
p-40e_ussr;p-40e;fighter;P-40E-1 Kittyhawk (USSR)
p-40f-5_france_ep;p-40f;fighter;P-40F-5 Lafayette (France)
p-40f_10;p-40f;fighter;P-40F-10 Warhawk
p-43a-1;p_43a_1;fighter;P-43A-1
p-43a-1_china;p_43a_1;fighter;P-43A-1 (China)
p-47d-28;p-47d-28;fighter;P-47D-28 Thunderbolt
p-47d;p-47d;fighter;P-47D-25 Thunderbolt
p-47d_16_re_germany;p-47d_16_re;fighter;P-47D-16-RE Thunderbolt (Germany)
p-47d_22_re;p-47d_22_re;fighter;P-47D-22-RE Thunderbolt
p-47d_22_re_france;p-47d_22_re;fighter;P-47D-22-RE Thunderbolt (France)
p-47d_23_ra_china_rocaf;p-47d_23_re;fighter;P-47D-23-RA Thunderbolt (China)
p-47d_23_re;p-47d_23_re;fighter;P-47D-23 RE Thunderbolt
p-47d_30_china;p-47d-30;fighter;P-47D-30 Thunderbolt (China)
p-47d_30_italy;p-47d-30;fighter;P-47D-30 Thunderbolt (Italy)
p-47d_luftwaffe;p-47d;fighter;P-47D Thunderbolt (Germany)
p-47d_ussr;p-47d_ussr;fighter;P-47D-27 Thunderbolt (USSR)
p-47m-1-re;p-47m-1-re;fighter;Bostwick's P-47M-1-RE Thunderbolt
p-47m-1-re_boxted;p-47m-1-re;fighter;Lanovski's P-47M-1-RE Thunderbolt (USA)
p-47n-15;p-47n-15;fighter;P-47N-15 Thunderbolt
p-51_a-36;p-51_a-36;strike;A-36 Apache
p-51_mk1;p-51b;fighter;P-51 Mustang
p-51_mk1a_usaaf;p-51_mk1a_usaaf;fighter;P-51 Mustang (USA)
p-51a_tl;p-51a_tl;fighter;P-51A Mustang
p-51b;p-51b;fighter;Mustang Mk IA
p-51b_7_sweden;p_51b_7_sweden;fighter;J26 David
p-51c-10-nt;p-51c-10-nt;fighter;P-51C-10 Mustang
p-51c-10_france;p-51c-10_france;fighter;F-6C-10-NA (France)
p-51c-11-nt_china;p-51c-11-nt_china;fighter;P-51C-11-NT (China)
p-51c-11-nt_japan;p-51c-10-nt;fighter;P-51C-11-NT (Japan)
p-51d-10;p-51d-10;fighter;Wetmore's P-51D-10 Mustang
p-51d-20-na;p-51d-20-na;fighter;P-51D-20-NA Mustang
p-51d-20-na_iaf;p-51d-20-na;fighter;P-51D-20-NA Mustang (Israel)
p-51d-20-na_j26;p-51d-20-na;fighter;J26
p-51d-20_china;p-51d-20-na;fighter;P-51D-20 Mustang (China)
p-51d-30_usaaf_korea;p-51d-30_usaaf_korea;fighter;P-51D-30 Mustang (USA)
p-51d-5;p-51d-5;fighter;P-51D-5 Mustang
p-51h-5_na;p-51h-5_na;fighter;P-51H-5-NA
p-51k;p-51d-30_usaaf_korea;fighter;P-51K Mustang (China)
p-59a;p_59a;fighter;P-59A
p-61a_1;p-61a_1;fighter;P-61A-11
p-61c_1;p-61c_1;fighter;P-61C-1
p-63a-10;p-63a-10;fighter;P-63A-10 Kingcobra
p-63a-10_ussr;p-63a-10;fighter;P-63A-10 Kingcobra (USSR)
p-63a-5;p-63a-5;fighter;P-63A-5 Kingcobra
p-63a-5_ussr;p-63a-5;fighter;P-63A-5 Kingcobra (USSR)
p-63c-5;p-63c-5;fighter;P-63C-5 Kingcobra
p-63c-5_france;p-63c-5_france;fighter;P-63C-5 Kingcobra (France)
p-63c-5_kingcobra_animal_version;p-63c-5;fighter;Kingcobra (USA)
p-63c-5_ussr;p-63c-5;fighter;P-63C-5 Kingcobra (USSR)
p-66;p-66;fighter;P-66
p1y1_mod11;p1y1_mod11;bomber;P1Y1 mod. 11 "Ginga"
p1y1_mod11_china;p1y1_mod11;bomber;P1Y1 mod. 11 "Ginga" (China)
p_108a_serie2;p_108a_serie2;strike;P.108A serie 2
p_108b_serie1;p_108b_serie1;bomber;P.108B serie 1
p_108b_serie2;p_108b_serie2;bomber;P.108B serie 2
pb4y-2;pb4y-2;bomber;PB4Y-2 Privateer
pb4y-2_china;pb4y-2_china;bomber;PB4Y-2 Privateer (China)
pb4y-2_france;pb4y-2_france;bomber;PB4Y-2 Privateer (France)
pbj_1h;pbj_1h;strike;PBJ-1H
pbj_1j;pbj_1j;strike;PBJ-1J
pbj_1j_1;b_25j_20;bomber;PBJ-1J Mitchell
pbm_1;pbm_1;bomber;PBM-1 "Mariner"
pbm_3;pbm_3;bomber;PBM-3 "Mariner"
pbm_5a;pbm_5a;bomber;PBM-5A "Mariner"
pby-5;pby-5;bomber;PBY-5 Catalina
pby-5a;pby-5a;bomber;PBY-5A Catalina
pby-5a_late_france;pby-5a_late_france;bomber;PBY-5A Catalina (Late) (France)
pby-5a_raf;pby-5a;bomber;Catalina Mk IIIa
pby-5a_ussr;pby-5a;bomber;PBY-5A Catalina (USSR)
pe-2-1;pe-2-1;bomber;Pe-2-1 Peshka 
pe-2-110;pe-2-110;bomber;Pe-2-110 Peshka
pe-2-205;pe-2-205;bomber;Pe-2-205 Peshka
pe-2-31;pe-2-31;bomber;Pe-2-31 Peshka
pe-2-359;pe-2-359;bomber;Pe-2-359 Peshka
pe-2-359_china;pe-2-359;bomber;Pe-2-359 Peshka (China)
pe-2-83;pe-2-83;bomber;Pe-2-83 Peshka
pe-3;pe-3;strike;Pe-3
pe-3_bis;pe-3_bis;strike;Pe-3bis
pe-3_early;pe-3_early;strike;Pe-3 Early
pe-8_m82;pe-8_m82;bomber;Pe-8
po-2;po-2;bomber;Po-2
po-2_nw;po-2_nw;fighter;Po-2 Night Witch
po-2m;po-2m;bomber;Po-2M
po_2op_event;po_2op_event;fighter;Po-2OP
potez_630;potez_630;fighter;Potez 630
potez_631;potez_631;fighter;Potez 631
potez_633;potez_633;bomber;Potez 633
pv_2d;pv_2d;bomber;PV-2D Harpoon
pyorremyrsky;pyorremyrsky;fighter;VL Pyörremyrsky
q_5_early;q_5_early;strike;Q-5 early
q_5a;q_5a;strike;Q-5A
q_5l;q_5l;strike;Q-5L
r2y2_kai;r2y2_kai;fighter;R2Y2 Keiun-Kai V3
r2y2_v1;r2y2_v1;fighter;R2Y2 Keiun-Kai V1
r2y2_v2;r2y2_v2;fighter;R2Y2 Keiun-Kai V2
rafale_c_f3;rafale_c_f3;fighter;Rafale C F3-R
rah_66;rah_66;helicopter;RAH-66 Comanche
re_2000_ga;re_2000_ga;fighter;Re.2000 G.A.
re_2000_ga_ep;re_2000_ga;fighter;Re.2000 G.A. Red 5
re_2000_int;re_2000_int;fighter;Re.2000 serie 1
re_2000_j20;re_2000_int;fighter;J20
re_2001_cb;re_2001_cb;fighter;Re.2001 CB
re_2001_cn;re_2001_cn;fighter;Re.2001 CN
re_2001_serie1;re_2001_serie1;fighter;Re.2001 serie 1
re_2001_serie1_ep;re_2001_serie1;fighter;Re.2001 serie 1 gruppo 22
re_2002_early;re_2002_early;fighter;Re.2002 Early
re_2005_serie0;re_2005_serie0;fighter;Re.2005 serie 0
ro_43;ro_43;bomber;Ro.43
ro_44;ro_44;fighter;Ro.44
ro_57_quadriarma;ro_57_quadriarma;strike;Ro.57 Quadriarma
s_199;s_199;fighter;S-199 (Sakeen)
s_81_ar125;s_81_ar125;bomber;S.81
sa_313b;sa_313b;helicopter;SA 313B Alouette II (Germany)
sa_313b_france;sa_313b;helicopter;SA 313B Alouette II (France)
sa_316b;sa_316b;helicopter;SA 316B Alouette III
sa_341f;sa_341f;helicopter;SA.341F Gazelle
sa_342l_china;sa_342l_china;helicopter;SA.342L Gazelle (China)
sa_342m;sa_342m;helicopter;SA.342M Gazelle
saab_105g;saab_105g;strike;SAAB-105G
saab_105oe;saab_105oe;strike;SAAB-105OE
saab_a21a_3;saab_j21a_1;fighter;A21A-3
saab_a21rb;saab_a21rb;fighter;A21RB
saab_a32a;saab_a32a;strike;A32A
saab_a32a_red_adam;saab_a32a;strike;A32A «Röd Adam»
saab_aj37;saab_aj37;strike;AJ37 Viggen
saab_ajs37;saab_ajs37;strike;AJS37 Viggen
saab_b17a;saab_b17a;bomber;B17A
saab_b17b;saab_b17b;bomber;B17B
saab_b17bs;saab_b17bs;bomber;S17BS
saab_b18a;saab_b18a;bomber;B18A
saab_b18b;saab_b18b;bomber;B18B
saab_b3c;saab_b3c;bomber;B3C
saab_f35_wdns;saab_f35_wdns;strike;Saab F-35 Draken
saab_j21a_1;saab_j21a_1;fighter;J21A-1
saab_j21a_2;saab_j21a_1;fighter;J21A-2
saab_j21ra;saab_j21ra;fighter;J21RA
saab_j29a;saab_j29a;fighter;J29A Tunnan
saab_j29b;saab_j29b;fighter;A29B Tunnan
saab_j29d;saab_j29d;fighter;J29D Tunnan
saab_j29f;saab_j29f;fighter;J29F Tunnan
saab_j32b;saab_j32b;fighter;J32B Lansen
saab_j35a;saab_j35a;fighter;J35A Draken
saab_j35d;saab_j35d;fighter;J35D Draken
saab_j35xs;saab_j35xs;fighter;Saab J35XS Draken
saab_ja37;saab_ja37;fighter;JA37C Jaktviggen
saab_ja37d;saab_ja37;fighter;JA37D Viggen
saab_ja37di;saab_ja37;fighter;JA37DI Viggen
saab_ja37di_f21;saab_ja37;fighter;JA37DI Viggen F21
saab_jas39a;saab_jas39a;fighter;JAS39A Gripen
saab_jas39c;saab_jas39c;fighter;JAS39C Gripen
saab_jas39c_hungary;saab_jas39c;fighter;JAS39EBS HU C Gripen (Hungary)
saab_jas39c_south_africa;saab_jas39c;fighter;JAS39C Gripen (South Africa)
saab_jas39c_south_africa_missile_test;saab_jas39c;fighter;JAS39C Gripen (Missile Test)
saab_jas39c_thailand;saab_jas39c;fighter;JAS39C Gripen (Thailand)
saab_sk60b;saab_sk60b;strike;SK60B
saab_t18b_1;saab_t18b_1;bomber;T18B
saab_t18b_2;saab_t18b_2;bomber;T18B (57)
sagittario_2;sagittario_2;fighter;Sagittario 2
sb2c_1c;sb2c_1c;bomber;SB2C-1C Helldiver
sb2c_4;sb2c_4;bomber;SB2C-4 Helldiver
sb2c_5_france;sb2c_5;bomber;SB2C-5 Helldiver (France)
sb2c_5_thailand;sb2c_5;bomber;SB2C-5 Helldiver (Thailand)
sb2u-2;sb2u-2;bomber;SB2U-2
sb2u-3;sb2u-3;bomber;SB2U-3
sb_2m_100;sb_2m_100;bomber;SB 2M-100
sb_2m_100a;sb_2m_100;bomber;SB 2M-100A
sb_2m_100a_spain;sb_2m_100;bomber;SB 2M-100A /Spanish
sb_2m_103_mv3;sb_2m_103c;bomber;SB 2M-103 MV-3
sb_2m_103c;sb_2m_103c;bomber;SB 2M-103
sb_2m_103u;sb_2m_103u_mv3;bomber;SB 2M-103U
sb_2m_103u_china;sb_2m_103u_mv3;bomber;SB 2M-103U (China)
sb_2m_103u_mv3;sb_2m_103u_mv3;bomber;SB 2M-103U MV-3
sb_2m_105;sb_2m_105;bomber;SB 2M-105
sbd-3;sbd-3;bomber;SBD-3 Dauntless
sc_1;sc_1;fighter;SC-1 Seahawk
scimitar_f1;scimitar_f1;fighter;Scimitar F Mk.1
scout_ah_mk1;scout_ah_mk1;helicopter;Scout AH.Mk.1
sea_fury_fb11;sea_fury_fb11;fighter;Sea Fury FB 11
sea_fury_fb51;sea_fury_fb11;fighter;Sea Fury FB 51 (Netherlands)
sea_harrier_fa2;sea_harrier_fa2;fighter;Sea Harrier FA 2
sea_hawk_fga50_netherlands;sea_hawk_fga6;fighter;Sea Hawk Mk.50 (Netherlands)
sea_hawk_fga6;sea_hawk_fga6;fighter;Sea Hawk FGA.6
sea_hawk_mk100;sea_hawk_fga6;fighter;Sea Hawk Mk.100 (Germany)
sea_venom_faw20;sea_venom_faw20;fighter;Sea Venom FAW 20
seafire_fr47;seafire_fr47;fighter;Seafire FR 47
seafire_mk17;seafire_mk17;fighter;Seafire F Mk XVII
seafire_mk3;seafire_mk3;fighter;Seafire LF Mk.III
seafire_mk3_france;seafire_mk3;fighter;Seafire LF Mk.III (France)
shackleton_mr_mk_2;shackleton_mr_mk_2;bomber;Shackleton MR.Mk.2
sm_79_1936;sm_79_1936;bomber;S.M.79 Sparviero serie 1 (1936) (Germany)
sm_79_1936_italy;sm_79_1936;bomber;S.M.79 Sparviero serie 1 (1936) (Italy)
sm_79_1937;sm_79_1937;bomber;S.M.79 Sparviero serie 4 (1937) (Germany)
sm_79_1937_italy;sm_79_1937;bomber;S.M.79 Sparviero serie 4 (1937) (Italy)
sm_79_1939;sm_79_1939;bomber;S.M.79 Sparviero serie 8 (1939) (Germany)
sm_79_1939_italy;sm_79_1939;bomber;S.M.79 Sparviero serie 8 (1939) (Italy)
sm_79_1941;sm_79_1941;bomber;S.M.79 Sparviero AS (1941) (Germany)
sm_79_1941_italy;sm_79_1941;bomber;S.M.79 Sparviero AS (1941) (Italy)
sm_79_1942;sm_79_1942;bomber;S.M.79 Sparviero bis/N (1942) (Germany)
sm_79_1942_italy;sm_79_1942;bomber;S.M.79 Sparviero bis/N (1942) (Italy)
sm_79_1943;sm_79_1943;bomber;S.M.79 Sparviero bis/T.M (1943) (Germany)
sm_79_1943_italy;sm_79_1943;bomber;S.M.79 Sparviero bis/T.M (1943) (Italy)
sm_79_iar;sm_79_iar;bomber;S.M.79 Sparviero B (1936) (Germany)
sm_79_iar_italy;sm_79_iar;bomber;S.M.79 Sparviero B (1936) (Italy)
sm_91;sm_91;strike;SM.91
sm_92;sm_92;strike;SM.92
so_4050_vautour_2a;so_4050_vautour_2a;bomber;S.O.4050 Vautour IIA
so_4050_vautour_2a_iaf;so_4050_vautour_2a;bomber;Vautour IIA IDF/AF (Israel)
so_4050_vautour_2a_israel_iaf;so_4050_vautour_2a;bomber;Vautour IIA (Israel)
so_4050_vautour_2b;so_4050_vautour_2b;bomber;S.O.4050 Vautour IIB
so_4050_vautour_2n;so_4050_vautour_2n;bomber;S.O.4050 Vautour IIN
so_4050_vautour_2n_iaf;so_4050_vautour_2n;bomber;Vautour IIN (Israel)
so_4050_vautour_2n_late;so_4050_vautour_2n_late;fighter;S.O.4050 Vautour IIN (Late)
so_8000_narval;so_8000_narval;fighter;S.O.8000 Narval
soc_1;soc_1;bomber;SOC-1 Seagull
spad_13;spad_13;fighter;SPAD S.XIII
spitfire_f22;spitfire_f22;fighter;Spitfire F Mk 22
spitfire_f24;spitfire_f24;fighter;Spitfire F Mk 24
spitfire_fr_mk14e;spitfire_fr_mk14e;fighter;Prendergast's Spitfire FR Mk XIVe
spitfire_fr_mk14e_belgium;spitfire_fr_mk14e;fighter;Spitfire FR Mk XIVe (Belgium)
spitfire_ix;spitfire_ix;fighter;Spitfire LF Mk IX
spitfire_ix_early;spitfire_ix_early;fighter;Spitfire F Mk IX
spitfire_ix_plagis;spitfire_ix;fighter;Plagis' Spitfire LF Mk IXc
spitfire_ix_tutorial;spitfire_ix;fighter;Spitfire LF Mk IX
spitfire_ix_usa;spitfire_ix;fighter;Spitfire LF Mk IXc (USA)
spitfire_ix_ussr;spitfire_ix;fighter;Spitfire Mk IXc (USSR)
spitfire_lf_mk9e_iaf;spitfire_ix_cw;fighter;Spitfire LF Mk IX (Clipped Wings) (Israel)
spitfire_lf_mk9e_weisman;spitfire_ix;fighter;Ezer Weizman's Spitfire LF Mk IXe (Israel)
spitfire_mk1;spitfire_mk1;fighter;Spitfire Mk Ia
spitfire_mk14c;spitfire_mk14c;fighter;Spitfire F Mk XIVc
spitfire_mk14e;spitfire_mk14e;fighter;Spitfire F Mk XIVe
spitfire_mk18e;spitfire_mk18e;fighter;Spitfire F Mk XVIIIe
spitfire_mk5b;spitfire_mk5b;fighter;Spitfire Mk Vb/trop
spitfire_mk5b_italy;spitfire_mk5b;fighter;Spitfire Mk Vb/trop (Italy)
spitfire_mk5b_notrop;spitfire_mk5b_notrop;fighter;Spitfire Mk Vb
spitfire_mk5c;spitfire_mk5c;fighter;Spitfire Mk Vc/trop
spitfire_mk5c_notrop;spitfire_mk5c_notrop;fighter;Spitfire Mk Vc
spitfire_mk9b;spitfire_ix_early;fighter;Spitfire Mk IXb
spitfire_mk9c_4cannons;spitfire_mk9c_4cannons;fighter;Spitfire F Mk IXc
spitfire_mk9c_iaf;spitfire_ix_early;fighter;Spitfire Mk IXc (Israel)
spitfire_xvi;spitfire_xvi;fighter;Spitfire F Mk XVI
spitfiremkii;spitfiremkii;fighter;Spitfire Mk IIb
spitfiremkiia;spitfiremkiia;fighter;Spitfire Mk IIa
spitfiremkiia_ep;spitfiremkiia;fighter;Spitfire Mk.IIa Venture I
stirling_mk1;stirling_mk1;bomber;Stirling B Mk I
stirling_mk3;stirling_mk3;bomber;Stirling B Mk III
strikemaster_mk88;strikemaster_mk88;strike;Strikemaster Mk.88
su-11;su-11;fighter;Su-11
su-2_m82;su-2_m82;strike;Su-2 (M-82)
su-2_mv5;su-2_mv5;strike;Su-2 MV-5
su-2_tss1;su-2_tss1;strike;Su-2 TSS-1
su-6_am42;su-6_am42;strike;Su-6 (AM-42)
su-6_m71;su-6_m71;strike;Su-6 (M-71F)
su-7b;su-7b;strike;Su-7B
su-7bkl;su-7bkl;strike;Su-7BKL
su-7bkl_china_killstreak;su-7bkl;strike;Su-7BKL (China)
su-7bkl_killstreak;su-7bkl;strike;Su-7BKL (su-7bkl_killstreak)
su-7bmk;su-7bmk;strike;Su-7BMK
su-8;su-8;strike;Su-8
su-9;su-9;fighter;Su-9
su_17m2;su_17m2;strike;Su-17M2
su_17m4;su_17m4;strike;Su-17M4
su_22m3;su_22m3;strike;Su-22M3
su_22m3_hungary;su_22m3;strike;Su-22M3 (Hungary)
su_22m4;su_22m4;strike;Su-22M4 (Germany)
su_22m4_de_wtd61;su_22m4;strike;Su-22M4 WTD61 (Germany)
su_22um3k;su_22um3k;strike;Su-22UM3K (Germany)
su_24m;su_24m;strike;Su-24M
su_25;su_25;strike;Su-25
su_25_558arz;su_25_558arz;strike;Su-25BM 558 ARZ
su_25k;su_25k;strike;Su-25K
su_25sm3;su_25sm3;strike;Su-25SM3
su_25t;su_25t;strike;Su-25T
su_25tm;su_25tm;strike;Su-39
su_27;su_27;fighter;Su-27
su_27sm;su_27sm;fighter;Su-27SM
su_30sm;su_30sm;fighter;Su-30SM
su_33;su_33;fighter;Su-33
su_34;su_34;strike;Su-34
su_6_single;su_6_single;strike;Su-6
sunderland_mk3a;sunderland_mk3a;bomber;Sunderland Mk IIIa
sunderland_mk5;sunderland_mk5;bomber;Sunderland Mk V
super_etendard_97;super_etendard_97;strike;Super Etendard (SEM)
super_hind_mk3;super_hind_mk3;helicopter;Superhind MK IV
swift_f1;swift_f1;fighter;Swift F.1
swift_f7;swift_f7;fighter;Swift F.7
swordfish_mk1;swordfish_mk1;bomber;Swordfish Mk I
swordfish_mk2;swordfish_mk2;bomber;Swordfish Mk II
t2;t2;fighter;Mitsubishi T-2
t2_early;t2_early;fighter;Mitsubishi T-2 Early
t_129_atak;t_129_atak;helicopter;T129 ATAK
ta-152c;ta-152c;fighter;Ta 152 C-3
ta-152h-1;ta-152h-1;fighter;Ta 152 H-1
ta_154a_1;ta_154a_1;fighter;Ta 154 A-1
tandem_mai;tandem_mai;strike;Tandem MAI
tb_3_m17_32;tb_3_m17_32;bomber;TB-3M-17-32
tbd-1_1938;tbd-1;bomber;TBD-1 Devastator
tbf-1c;tbf-1c;bomber;TBF-1C Avenger
tempest_mk2;tempest_mk2;fighter;Tempest Mk II
tempest_mkv;tempest_mkv;fighter;Tempest Mk V
tempest_mkv_luftwaffe;tempest_mkv_luftwaffe;fighter;Tempest Mk V (Germany)
tempest_mkv_vikkers;tempest_mkv_vikkers;strike;Tempest Mk V (Vickers P)
thunderbolt_mk1;thunderbolt_mk1;fighter;Thunderbolt Mk.1
tiger_hac_france;tiger_hac_france;helicopter;EC-665 Tiger HAC (France)
tiger_had_block2_france;tiger_had_block2_france;helicopter;EC-665 Tiger HAD Block 2 (France)
tiger_had_france;tiger_had_france;helicopter;EC-665 Tiger HAD (France)
tiger_had_spain;tiger_had_block2_france;helicopter;EC-665 Tigre HAD-E
tiger_hap_france;tiger_hap_france;helicopter;EC-665 Tiger HAP (France)
tiger_uht;tiger_uht;helicopter;EC-665 Tiger UHT
tis_ma;tis_ma;strike;TIS MA
tornado_adv;tornado_adv;fighter;Tornado ADV
tornado_f3;tornado_f3;fighter;Tornado F.3
tornado_f3_late;tornado_f3_late;fighter;Tornado F.3 Late
tornado_gr1;tornado_gr1;strike;Tornado GR.1
tornado_gr4;tornado_gr4;strike;Tornado GR.4
tornado_ids_de_assta1;tornado_ids_de_assta1;strike;Tornado IDS ASSTA1 (Germany)
tornado_ids_de_mfg;tornado_ids_de_mfg;strike;Tornado IDS Marineflieger (Germany)
tornado_ids_de_wtd61;tornado_ids_de_wtd61;strike;Tornado IDS WTD61 (Germany)
tornado_ids_it;tornado_ids_it;strike;Tornado IDS
tornado_ids_it_mod95;tornado_ids_it_mod95;strike;Tornado IDS (1995)
tornado_ids_it_ret8;tornado_ids_it_ret8;strike;Tornado IDS MLU (RET.8)
tu-1;tu-1;strike;Tu-1
tu-2;tu-2;bomber;Tu-2S
tu-2_early;tu-2_early;bomber;Tu-2
tu-2_postwar;tu-2_postwar;bomber;Tu-2S-44
tu-2_postwar_china;tu-2_postwar;bomber;Tu-2S-44 (China)
tu-2_postwar_late;tu-2_postwar_late;bomber;Tu-2S-59
tu-2_postwar_late_hungary;tu-2_postwar_late;bomber;Tu-2S-59 (Hungary)
tu_14t;tu_14t;bomber;Tu-14T
tu_4;tu_4;bomber;Tu-4
tu_4_china;tu_4;bomber;Tu-4 (China)
tu_4_china_killstreak;tu_4;bomber;Tu-4 (China)
tu_4_killstreak;tu_4;bomber;Tu-4 (tu_4_killstreak)
typhoon_mk1a;typhoon_mk1a;fighter;Typhoon Mk Ia
typhoon_mk1b;typhoon_mk1b;fighter;Typhoon Mk Ib
typhoon_mk1b_late;typhoon_mk1b_late;fighter;Typhoon Mk Ib /Late
uav_quadcopter;uav_quadcopter;fighter;UAV Raven's Eye
ucav_mq_1_predator;ucav_mq_1_predator;strike;MQ-1
ucav_mq_1_predator_france_killstreak;ucav_mq_1_predator;strike;MQ-1 (France)
ucav_mq_1_predator_germany_killstreak;ucav_mq_1_predator;strike;MQ-1
ucav_mq_1_predator_iaf_killstreak;ucav_mq_1_predator;strike;MQ-1 (Israel)
ucav_mq_1_predator_italy_killstreak;ucav_mq_1_predator;strike;MQ-1 (Italy)
ucav_mq_1_predator_japan_killstreak;ucav_mq_1_predator;strike;MQ-1 (Japan)
ucav_mq_1_predator_sweden_killstreak;ucav_mq_1_predator;strike;MQ-1
ucav_mq_1_predator_uk_killstreak;ucav_mq_1_predator;strike;MQ-1 (Britain)
ucav_mq_1_predator_usa_killstreak;ucav_mq_1_predator;strike;MQ-1 (USA)
ucav_orion;ucav_mq_1_predator;strike;Orion
ucav_orion_killstreak;ucav_mq_1_predator;strike;Orion
ucav_recon_micro;ucav_recon_micro;fighter;Recon Micro
ucav_recon_micro_flir;ucav_recon_micro;fighter;Recon Micro
ucav_wing_loong_i;ucav_mq_1_predator;strike;Wing Loong I
ucav_wing_loong_i_killstreak;ucav_mq_1_predator;strike;Wing Loong I
uh_1b;uh_1b;helicopter;UH-1B
uh_1b_japan;uh_1b;helicopter;UH-1B Hiyodori (Japan)
uh_1c;uh_1c;helicopter;UH-1C
uh_1c_xm_30;uh_1b;helicopter;UH-1C XM-30
uh_1d;uh_1d;helicopter;UH-1D (Germany)
v_11g;v_11g;strike;V-11
v_12d;v_12d;strike;V-12D
v_156_b1;sb2u-3;bomber;Chesapeake Mk I
v_156_f;v_156_f;bomber;V-156-F
vampire_fb5;vampire_fb5;fighter;Vampire F.B.5
vampire_fb52_finland;vampire_fb52a;fighter;Vampire FB 52A (Finland)
vampire_fb52a_italy;vampire_fb52a;fighter;Vampire FB 52A (Italy)
vampire_fb5_j28b;vampire_fb52a;fighter;A28B
vb_10_02;vb_10_02;fighter;VB.10-02
vb_10c1;vb_10c_1;fighter;VB.10C-1
venom_fb4;venom_fb4;fighter;Venom FB.4
vg_33;vg_33;fighter;V.G.33C-1
vl_myrsky_2_late;vl_myrsky_2_late;fighter;VL Myrsky II
walrus_mk1;walrus_mk1;bomber;Walrus Mk.I
wasp_has_mk1;wasp_has_mk1;helicopter;Wasp HAS.Mk.1
wellington_mk10;wellington_mk10;bomber;Wellington Mk X
wellington_mk1c;wellington_mk1c;bomber;Wellington Mk Ic
wellington_mk1c_late;wellington_mk1c;bomber;Wellington Mk Ic /Late
wellington_mk1c_luftwaffe;wellington_mk1c;bomber;Wellington Mk Ic (Germany)
wellington_mk3;wellington_mk3;bomber;Wellington Mk III
wessex_mk5;wessex_mk5;helicopter;Wessex HU Mk.5
whirlwind_mk1;whirlwind_mk1;bomber;Whirlwind Mk I
whirlwind_p9;whirlwind_p9;bomber;Whirlwind P.9
wirraway;wirraway;strike;Wirraway
wyvern_s4;wyvern_s4;strike;Wyvern S4
xa_38;xa_38;strike;XA-38 Grizzly
xf5f;xf5f;fighter;XF5F Skyrocket
xp-50;xp-50;fighter;XP-50
xp-55;xp-55;fighter;XP-55 Ascender
yah_64;yah_64;helicopter;YAH-64
yak-15;yak-15;fighter;Yak-15
yak-15_early;yak-15;fighter;Yak-15P
yak-17;yak-17;fighter;Yak-17
yak-1_early;yak-1_early;fighter;Yak-1
yak-1b;yak-1b;fighter;Yak-1B
yak-1b_luftwaffe;yak-1b;fighter;Yak-1B (Germany)
yak-23;yak-23;fighter;Yak-23
yak-28b;yak-28b;bomber;Yak-28B
yak-3;yak-3;fighter;Yak-3
yak-30d;yak-30d;fighter;Yak-30D
yak-38;yak-38;strike;Yak-38
yak-38m;yak-38m;strike;Yak-38M
yak-3_eremin;yak-3_early;fighter;Eremin's Yak-3(e)
yak-3_france;yak-3_france;fighter;Yak-3 (France)
yak-3_vk107;yak-3_vk107;fighter;Yak-3 (VK-107)
yak-3p;yak-3p;fighter;Yak-3P
yak-3t;yak-3t;fighter;Yak-3T
yak-3u;yak_3u;fighter;Yak-3U
yak-4;yak-4;bomber;Yak-4
yak-7b;yak-7b;fighter;Yak-7B
yak-9;yak-9;fighter;Yak-9
yak-9b;yak-9b;fighter;Yak-9B
yak-9k;yak-9k;fighter;Yak-9K
yak-9m;yak-9m;fighter;Golovachev's Yak-9M
yak-9p;yak-9p;fighter;Yak-9P
yak-9p_hungary;yak-9p;fighter;Yak-9P (Hungary)
yak-9t;yak-9t;fighter;Yak-9T
yak-9t_france;yak-9t;fighter;Challe's Yak-9T (France)
yak-9u;yak-9u;fighter;Yak-9U
yak-9ut;yak-9ut;fighter;Yak-9UT
yak_141;yak_141;fighter;Yak-141
yak_2_kabb;yak-2_kabb;strike;Yak-2 KABB
yp-38;yp-38;fighter;YP-38
z_10;z_10;helicopter;Z-10
z_1007_bis_serie3;z_1007_bis_serie3;bomber;Z.1007 bis serie 3
z_1007_bis_serie5;z_1007_bis_serie5;bomber;Z.1007 bis serie 5
z_10a;z_10a;helicopter;Z-10A
z_10me;z_10me;helicopter;Z-10ME
z_11wa;z_11wa;helicopter;Z-11WA
z_19;z_19;helicopter;Z-19
z_19e;z_19e;helicopter;Z-19E
z_9w;z_9w;helicopter;Z-9W
z_9wa;z_9wa;helicopter;Z-9WA
zeppelin;zeppelin;bomber;Zeppelin LZ 62 (L 30) R
