Name;FmName;Type
a-20g;a-20g;strike
a-26b;a-26b;strike
a-26b_10;a-26b_10;strike
a-26c-45-dt;a-26c;bomber
a-26c;a-26c;bomber
a-35b;a_35b;bomber
a2d;a2d;strike
a5m4;a5m4;fighter
a5m4_hagiri;a5m4;fighter
a6m2_mod11;a6m2_mod11;fighter
a6m2_n_zero;a6m2_n_zero;fighter
a6m2_zero;a6m2_zero;fighter
a6m2_zero_china;a6m2_zero;fighter
a6m2_zero_usa;a6m2_zero;fighter
a6m3_mod22ko_zero;a6m3_mod22_zero;fighter
a6m3_mod22_zero;a6m3_mod22_zero;fighter
a6m3_zero;a6m3_zero;fighter
a6m5hei;a6m5_hei;fighter
a6m5ko;a6m5_ko_otsu;fighter
a6m5otsu;a6m5_ko_otsu;fighter
a6m5_zero;a6m5_zero;fighter
a6m5_zero_china;a6m5_zero;fighter
a6m6c;a6m6c;fighter
a7he1;a7he1;fighter
a7m1;a7m1;fighter
a7m2;a7m2;fighter
ab_205a_1;ab_205a_1;helicopter
ah-64d;ah-64d;fighter
ahs;ahs;helicopter
ah_1f;ah_1f;helicopter
ah_1f_iaf;ah_1f_iaf;helicopter
ah_1g;ah_1g;helicopter
ah_1g_iaf;ah_1g_iaf;helicopter
ah_1q_iaf;ah_1q_iaf;helicopter
ah_1s;ah_1s;helicopter
ah_1s_early;ah_1s;helicopter
ah_1s_late;ah_1s;helicopter
ah_1z;ah_1z;helicopter
ah_64a;ah_64a;helicopter
ah_64a_iaf;ah_64a_iaf;helicopter
ah_64a_peten;ah_64a;helicopter
ah_64a_peten_iaf;ah_64a;helicopter
ah_64d;ah_64d;helicopter
ah_64d_i_saraph;ah_64d_i_saraph;helicopter
ah_64d_japan;ah_64d_japan;helicopter
ah_mk1;ah_mk1;helicopter
aichi_e13a;aichi_e13a;bomber
am_1_mauler;am-1_mauler;strike
arado-196a-3;arado-196a-3;bomber
arado-234;arado-234;bomber
arado-234c-3;arado-234c-3;bomber
arado-234_hockey;arado-234_hockey;bomber
ariete;ariete;fighter
ar_2;ar_2;bomber
attaker_fb1;attaker_fb1;fighter
attaker_fb2;attaker_fb1;fighter
avenger_mk1;tbf-1c;bomber
av_8a;av_8a;strike
av_8c;av_8c;strike
a_109_eoa2;a_109_eoa2;helicopter
a_10a_early;a-10a_early;strike
a_10a_late;a-10a_late;strike
a_129_a;a_129_int;helicopter
a_129_cbt;a_129_cbt;helicopter
a_29_hudson;a_29_hudson;bomber
a_4b;a_4b;strike
a_4e_early;a_4e_early;strike
a_4e_early_iaf;a_4e_early_iaf;strike
a_4e_late_iaf;a_4e_late_iaf;strike
a_4h;a_4h;strike
a_4n;a_4n;strike
a_5c;a_5c;strike
a_7d;a_7d;strike
a_7e;a_7e;strike
b-17e;b-17e;bomber
b-17e_japan;b-17e;bomber
b-17e_late;b-17e_late;bomber
b-17g;b-17g;bomber
b-17g_china_rocaf;b-17g;bomber
b-17g_iaf;b-17g;bomber
b-17g_luftwaffe;b-17g;bomber
b-29;b-29;bomber
b-29_france_killstreak;b-29;bomber
b-29_germany_killstreak;b-29;bomber
b-29_iaf_killstreak;b-29;bomber
b-29_italy_killstreak;b-29;bomber
b-29_japan_killstreak;b-29;bomber
b-29_killstreak;b-29;bomber
b-29_sweden_killstreak;b-29;bomber
b-29_uk_killstreak;b-29;bomber
b-57;b-57;bomber
b-57b;b-57b;bomber
b5n2;b5n2;bomber
b6n1;b6n1;bomber
b6n2;b6n2;bomber
b6n2a;b6n2a;bomber
b7a2;b7a2;bomber
ba_65_k14_l;ba_65_k14_l;strike
bb-1;bb-1;strike
beaufighter_mk1_40mm;beaufighter_mk1_40mm;strike
beaufighter_mk21;beaufighter_mk21;strike
beaufighter_mk6c;beaufighter_mk6c;strike
beaufighter_mkx;beaufighter_mkx;strike
beaufort_mkviii;beaufort_mkviii;bomber
be_6;be_6;bomber
bf-109a_1;bf-109a_1;fighter
bf-109b_2;bf-109b_2;fighter
bf-109e-1;bf-109e-1;fighter
bf-109e-3;bf-109e-1;fighter
bf-109e-3_japan;bf-109e-4;fighter
bf-109e-4;bf-109e-4;fighter
bf-109e-7;bf-109e-4;fighter
bf-109f-1;bf-109f-1;fighter
bf-109f-2;bf-109f-1;fighter
bf-109f-4;bf-109f-4;fighter
bf-109f-4_trop;bf-109f-4_trop;fighter
bf-109f-4_usa;bf-109f-4;fighter
bf-109g-10;bf-109g-10;fighter
bf-109g-14;bf-109g-14;fighter
bf-109g-14as;bf-109g-14as;fighter
bf-109g-2;bf-109g-2;fighter
bf-109g-2_hungary;bf-109g-2_romania;fighter
bf-109g-2_romania;bf-109g-2_romania;fighter
bf-109g-6;bf-109g-6;fighter
bf-109g-6_finland;bf-109g-6;fighter
bf-109k-4;bf-109k-4;fighter
bf-109z;bf-109z;fighter
bf-110c-4;bf-110c-7;strike
bf-110c-6;bf-110c-6;strike
bf-110f-2;bf-110f-2;strike
bf-110g-2;bf-110g-2;strike
bf_110g_4;bf-110g-4;strike
bf_110g_4_hungary;bf-110g-4;strike
bi;bi;fighter
blenheim_mkiv;blenheim_mkiv;bomber
boomerang_mki;boomerang_mki;fighter
boomerang_mkii;boomerang_mkii;fighter
boston_mk_1;boston_mk_1;bomber
bo_105cb2;bo_105cb2;helicopter
bo_105pah1;bo_105pah1;helicopter
bo_105pah1_a1;bo_105pah1_a1;helicopter
breda_88;breda_88;strike
brigand_b1;brigand_b1;bomber
br_20m_m1;br_20_dr;bomber
br_20_dr;br_20_dr;bomber
br_693_ab2;br_693_ab2;strike
btd-1;btd-1;bomber
buccaneer_s1;buccaneer_s1;strike
buccaneer_s2;buccaneer_s2;strike
bv-138c-1;bv-138c-1;bomber
bv-238;bv-238;bomber
b_10b;b_10b;bomber
b_18a;b_18a;bomber
b_18a_skeleton_turrets;b_18a;bomber
b_18a_test;b_18a;bomber
b_24d;b_24d;bomber
b_24d_luftwaffe;b_24d;bomber
b_24m_china_plaaf;b_24d;bomber
b_25j_1;b_25j_20;bomber
b_25j_20;b_25j_20;bomber
b_25j_30;b_25j_20;bomber
b_25j_30_china;b_25j_20;bomber
b_25j_30_france;b_25j_20;bomber
b_25j_30_vvs_ussr;b_25j_20;bomber
b_26b_c;b_26b_c;bomber
b_26c_france;b_26b_c;bomber
b_34;b_34;bomber
b_48_firecrest;b_48_firecrest;strike
c-47;c-47;bomber
canberra_bimk6;canberra_bimk6;bomber
canberra_bimk6_france_killstreak;canberra_bmk2;bomber
canberra_bimk6_germany_killstreak;canberra_bmk2;bomber
canberra_bimk6_iaf_killstreak;canberra_bmk2;bomber
canberra_bimk6_italy_killstreak;canberra_bmk2;bomber
canberra_bimk6_japan_killstreak;canberra_bmk2;bomber
canberra_bimk6_killstreak;canberra_bmk2;bomber
canberra_bimk6_sweden_killstreak;canberra_bmk2;bomber
canberra_bimk6_usa_killstreak;canberra_bmk2;bomber
canberra_bmk2;canberra_bmk2;bomber
caudron_cr714;caudron_cr714;fighter
corsair_fmk2;corsair_fmk2;fighter
cr_32;cr_32;fighter
cr_32_bis;cr_32_bis;fighter
cr_32_quater;cr_32_quater;fighter
cw_21;cw_21;fighter
d3a1;d3a1;bomber
d4y1;d4y1;bomber
d4y2;d4y2;bomber
d4y3;d4y3;bomber
db_3a;db_3a;bomber
db_3a_china;db_3a;bomber
db_3b;db_3b;bomber
db_7;db_7;bomber
dh_110_sea_vixen;dh_110;fighter
douglas_ad_2;douglas_ad_2;strike
douglas_ad_4;douglas_ad_4;strike
douglas_ad_4na_france;douglas_ad_4na_france;strike
douglas_ad_4_france;douglas_ad_4_france;strike
douglas_ad_4_test;douglas_ad_4;strike
do_17e_1;do_17e_1;bomber
do_17z_2;do_17z_2;bomber
do_17z_7;do_17z_7;bomber
do_217e_2;do_217e_2;bomber
do_217e_4;do_217e_4;bomber
do_217j_1;do_217j_1;bomber
do_217j_2;do_217j_2;bomber
do_217k_1;do_217k_1;bomber
do_217m_1;do_217m_1;bomber
do_217n_1;do_217n_1;bomber
do_217n_2;do_217n_2;bomber
do_335a_0;do_335a_0;strike
do_335a_1;do_335a_1;strike
do_335b_2;do_335b_2;strike
dummy_plane;dummy_plane;fighter
d_371;d_371;fighter
d_371_hs9;d_371_hs9;fighter
d_373;d_373;fighter
d_500;d_500;fighter
d_501;d_501;fighter
d_510;d_510;fighter
d_510c;d_510;fighter
d_520;d_520;fighter
d_520_france;d_520_france;fighter
d_521;d_521;fighter
e7k2;e7k2;bomber
e8n2;e8n2;bomber
er-2_ach30b_early;er-2_ach30b_early;bomber
er-2_ach30b_late;er-2_ach30b_early;bomber
er-2_m105r_lu2b;er-2_m105_mv3;bomber
er-2_m105r_tat;er-2_m105_mv3;bomber
er-2_m105_mv3;er-2_m105_mv3;bomber
er-2_m105_tat;er-2_m105_mv3;bomber
etndard_4m;etendard_4m;strike
f-100a_china;f-100a_china;fighter
f-100d;f_100d;fighter
f-100d_france;f_100d;fighter
f-104a;f_104a;fighter
f-104a_china;f_104a;fighter
f-104c;f_104c;fighter
f-104g;f_104g;fighter
f-104g_china;f_104g;fighter
f-104g_italy;f_104g_italy;fighter
f-104j;f_104j;fighter
f-104s;f_104s;fighter
f-104s_asa;f_104s_asa;fighter
f-105d;f_105d;strike
f-4c;f-4c;fighter
f-4e;f-4e;fighter
f-4ej;f-4ej;fighter
f-4ej_kai;f-4ej;fighter
f-4e_iaf;f-4e_iaf;fighter
f-4f;f-4f;fighter
f-4f_late;f-4f;fighter
f-4j;f-4j;fighter
f-4k;f-4k;fighter
f-4m_fgr2;f-4m_fgr2;fighter
f-5a;f_5a;fighter
f-5a_china;f_5a;fighter
f-5c;f_5a;fighter
f-5e;f_5e;fighter
f-5e_aidc;f_5e_aidc;fighter
f-80;f-80;fighter
f-80a;f-80a;fighter
f-82e;f-82e;fighter
f-84b;f-84b;strike
f-84f;f-84f;strike
f-84f_france;f-84f;strike
f-84f_germany;f-84f;strike
f-84f_iaf;f-84f;strike
f-84f_israel_iaf;f-84f;strike
f-84f_italy;f-84f;strike
f-84g;f-84g;strike
f-84g_china;f-84g;strike
f-84g_france;f-84g_france;strike
f-84g_italy;f-84g;strike
f-86a-5;f-86a-5;fighter
f-86f-2;f-86f-25;fighter
f-86f-25;f-86f-25;fighter
f-86f-30_china;f-86f-25;fighter
f-86f-30_japan;f-86f-25;fighter
f-86f-35;f-86f-25;fighter
f-86f-40_china;f-86f-40_japan;fighter
f-86f-40_japan;f-86f-40_japan;fighter
f-86f-40_japan_blue_impulse;f-86f-40_japan;fighter
f-86k_late;f-86k;fighter
f-86k_late_german;f-86k;fighter
f-86k_late_italy;f-86k;fighter
f-86_canadair_german;f-86_canadair_german;fighter
f-86_cl_13b_mk6;f-86_cl_13b_mk6;fighter
f-86_cl_13_mk4_italy;f-86e;fighter
f-89b;f-89b;fighter
f-89c_30mm;f-89b;fighter
f-89c_rocket;f-89b;fighter
f-89d;f-89d;fighter
f-8e;f-8e;fighter
f-8e_fn;f-8e_fn;fighter
f1;f1;fighter
f11f_1_late;f11f_1_late;fighter
f1m2;f1m2;bomber
f2a-1;f2a-1;fighter
f2a-1_thach;f2a-1;fighter
f2a-3;f2a-3;fighter
f2g-1;f2g-1;fighter
f2h-2;f2h-2;fighter
f3d_1;f3d_1;strike
f3f-2;f3f-2;fighter
f3f-2_galer;f3f-2;fighter
f3h-2;f3h-2;fighter
f4f-3;f4f-3;fighter
f4f-4;f4f-4;fighter
f4f-4_martlet_mk4;f4f-4_martlet_mk4;fighter
f4u-1a;f4u-1a;fighter
f4u-1a_japan;f4u-1a;fighter
f4u-1a_usmc;f4u-1a_usmc;fighter
f4u-1c;f4u-1c;fighter
f4u-1d;f4u-1d;fighter
f4u-4;f4u-4;fighter
f4u-4b;f4u-4b;fighter
f4u-4b_vmf_214;f4u-4b;fighter
f4u-6_au-1;f4u-6_au-1;strike
f4u-7;f4u-7;fighter
f6f-3;f6f-5;fighter
f6f-5n;f6f-5n;fighter
f6f-5n_france;f6f-5n_france;fighter
f6f-5_france;f6f-5_france;fighter
f7f1;f7f1;fighter
f7f3;f7f3;fighter
f8f1;f8f1;fighter
f8f1b;f8f1b;fighter
f8f1b_france;f8f1b_france;fighter
f8u-2;f8u-2;fighter
f9f-2;f9f-2;fighter
f9f-5;f9f-5;fighter
f9f-8;f9f-8;fighter
fau-1;fau-1;fighter
fc_20_bis;fc_20_bis;strike
ffvs_j22_a;ffvs_j22_a;fighter
ffvs_j22_b;ffvs_j22_b;fighter
fiat_cr42;fiat_cr42;fighter
fiat_cr42_italy;fiat_cr42;fighter
fiat_cr42_j11;fiat_cr42;fighter
fiat_cr42_marcolin;fiat_cr42;fighter
fiat_cr42_marcolin_italy;fiat_cr42;fighter
fiat_g50_seria2;fiat_g50_seria2;fighter
fiat_g50_seria2_italy;fiat_g50_seria2;fighter
fiat_g50_seria7as;fiat_g50_seria7as;fighter
fiat_g50_seria7as_italy;fiat_g50_seria7as;fighter
fiat_g91_ps;fiat_g91_ps;fighter
fiat_g91_r1;fiat_g91_r1;fighter
fiat_g91_r3;fiat_g91_r3;fighter
fiat_g91_r4;fiat_g91_r4;fighter
fiat_g91_r4_german;fiat_g91_r4;fighter
fiat_g91_ys;fiat_g91_ys;fighter
firebrand_tf4;firebrand_tf4;strike
firefly_mk1;firefly_mk1;strike
firefly_mk5;firefly_mk5;strike
fj_4b;fj_4b;strike
fj_4b_agm_12b;fj_4b;strike
fokker_d21_mod20;fokker_d21_mod20;fighter
fury_mk1;fury_mk1;fighter
fury_mk2;fury_mk2;fighter
fw-189a-1;fw_189a_1;bomber
fw-190a-1;fw-190a-1;fighter
fw-190a-4;fw-190a-4;fighter
fw-190a-5;fw-190a-5;fighter
fw-190a-5_cannons;fw-190a-5_cannons;fighter
fw-190a-5_cannons_tutorial;fw-190a-5_cannons;fighter
fw-190a-5_japan;fw-190a-5_cannons;fighter
fw-190a-5_u2;fw-190a-5_u2;fighter
fw-190a-8;fw-190a-8;fighter
fw-190a-8_france;fw-190a-8;fighter
fw-190a-8_usa;fw-190a-8;fighter
fw-190c;fw-190c;fighter
fw-190d-12;fw-190d-12;fighter
fw-190d-13;fw-190d-13;fighter
fw-190d-9;fw-190d-9;fighter
fw-190d-9_ussr;fw-190d-9;fighter
fw-190f-8;fw-190f-8;strike
fw_200c_1;fw_200c_1;bomber
f_14a_early;f_14a_early;fighter
f_222_2;f_222_2;bomber
g4m1;g4m1;bomber
g5n1;g5n1;bomber
g5n2;g5n1;bomber
g8n1;g8n1;bomber
g8n2;g8n1;bomber
gladiator_j8a;gladiator_j8a;fighter
gladiator_j8a_iacobi;gladiator_j8a;fighter
gladiator_mk1_china;gladiator_mk2;fighter
gladiator_mk2;gladiator_mk2;fighter
gladiator_mk2_france;gladiator_mk2;fighter
gladiator_mk2_navy;gladiator_mk2_navy;fighter
gladiator_mk2_silver;gladiator_mk2;fighter
gladiator_mk2_tuck;gladiator_mk2_tuck;fighter
go229_v3;go229_v3;fighter
g_55s;g_55s;fighter
g_55_serie1;g_55_serie1;fighter
g_55_serie1_ss0;g_55_serie1_ss0;fighter
g_56;g_56;fighter
g_lynx;g_lynx;helicopter
h-75a-1_finland;p-36a;fighter
h-75a-1_france;h_75a_1_france;fighter
h-75a-1_france39;p-36a;fighter
h-75a-2_finland;h_75a_2_finland;fighter
h-75a-2_france;p-36a;fighter
h-75a-2_luftwaffe;p-36a;fighter
h-75a-3_finland;p-36a;fighter
h-75a-3_france;p-36a;fighter
h-75a-3_france_vishy;p-36a;fighter
h-75a-4_finland;p-36a;fighter
h-75a-4_france;h_75a_4_france;fighter
h-75a-4_luftwaffe;p-36a;fighter
h-75a-4_raf;p-36a;fighter
h-75a-5;p-36a;fighter
h-75a-6;p-36a;fighter
h-75a-7;p-36a;fighter
h-75m;p-36a;fighter
h-75n;p-36a;fighter
h6k4;h6k4;bomber
h8k2;h8k2;bomber
h8k3;h8k3;bomber
halifax_mk3;halifax_mk3;bomber
harrier_gr1;harrier_gr1;strike
harrier_gr3;harrier_gr3;strike
hawk_iii;hawk_iii;fighter
he-111h-16_winter;he-111h-16_winter;bomber
he-111h-2;he-111h-2;bomber
he-111h-6;he-111h-6;bomber
he-162a-1;he-162a-2;fighter
he-162a-2;he-162a-2;fighter
he-177a-5;he-177a-5;bomber
he51a1;he51a1;fighter
he51b1;he51b1;fighter
he51b_2w;he51b_2w;fighter
he51c1;he51c1;fighter
he51c1_late;he51c1_late;fighter
hellcat_fmk1;f6f-5;fighter
he_100d_1;he_100d_1;fighter
he_112a_0;he_112a_0;fighter
he_112b_0;he_112b_0;fighter
he_112b_1;he_112b_1;fighter
he_112b_1_italy;he_112b_1;fighter
he_112b_2;he_112b_2;fighter
he_112v_5;he_112v_5;fighter
he_219a_7;he_219a_7;strike
hkp2;hkp2;helicopter
hkp3c;hkp3c;helicopter
hkp9a_cb2;hkp9a_cb2;helicopter
hkp9a_cb3_fc;hkp9a_cb3_fc;helicopter
hornet_mk1;hornet_mk1;fighter
hornet_mk3;hornet_mk3;fighter
hp52_hampden_mk1_late;hp52_hampden_mk1_late;bomber
hp52_hampden_tbmk1;hp52_hampden_tbmk1;bomber
hp52_hampden_tbmk1_ussr_utk1;hp52_hampden_tbmk1_ussr_utk1;bomber
hs-123a-1;hs_123a_1;bomber
hs-123a-1_china;hs_123a_1;bomber
hs-129b-2;hs-129b-2;strike
hs-129b-2_romania;hs-129b-2;strike
hs-129b-2_romania_italy;hs-129b-2;strike
hs-129b-3;hs-129b-3;strike
hudson_mk_v;hudson_mk_v;bomber
hudson_mk_v_gear_test;hudson_mk_v;bomber
hunter_f1;hunter_f1;fighter
hunter_f6;hunter_f6;fighter
hunter_f9;hunter_f9;fighter
hunter_f9_rhodesia;hunter_f9;fighter
hurricanemkii;hurricanemkii;fighter
hurricanemkii_ussr;hurricanemkii_ussr;fighter
hurricane_mk1;hurricane_mk1;fighter
hurricane_mk1b;hurricane_mk1b;fighter
hurricane_mk1c;hurricane_mk1c;fighter
hurricane_mk1_late;hurricane_mk1;fighter
hurricane_mk1_late_ep;hurricane_mk1;fighter
hurricane_mk4;hurricane_mk4;strike
h_34;h_34;helicopter
h_34_france;h_34_france;helicopter
h_81a_2;h_81a_2;fighter
i-153p;i-153p;fighter
i-153_m62;i-153_m62;fighter
i-153_m62_china;i-153_m62;fighter
i-153_m62_zhukovskiy;i-153_m62;fighter
i-15bis;i-15bis;fighter
i-15bis_china;i-15bis;fighter
i-15_1934;i-15_1934;fighter
i-15_1935;i-15_1935;fighter
i-15_1935_moscow;i-15_1935_moscow;fighter
i-16_chung_28;i-16_chung_28;fighter
i-16_type10;i-16_type10;fighter
i-16_type10_china;i-16_type10;fighter
i-16_type17;i-16_type17;fighter
i-16_type17_china;i-16_type17;fighter
i-16_type18;i-16_type18;fighter
i-16_type24;i-16_type24;fighter
i-16_type27;i-16_type27;fighter
i-16_type28;i-16_type28;fighter
i-16_type5;i-16_type5;fighter
i-16_type5_1935_china;i-16_type5;fighter
iar_316b;iar_316b;helicopter
iar_81c;iar-81c;fighter
il-10;il-10;strike
il-10_1946;il-10_1946;strike
il-10_1946_china;il-10_1946;strike
il-2i;il-2i;strike
il-2m;il-2m;strike
il-2m_mstitel;il-2m_mstitel;strike
il-4;il-4;bomber
il_28;il_28;bomber
il_28sh;il_28sh;bomber
il_28_china;il_28;bomber
il_28_china_killstreak;il_28;bomber
il_28_german;il_28;bomber
il_28_killstreak;il_28;bomber
il_2m_1943;il_2m_1943;strike
il_2_1941;il_2_1941;strike
il_2_1942;il_2_1941;strike
il_2_1942_luftwaffe;il-2i;strike
il_2_37_1943;il_2_37_1943;strike
il_2_m82;il_2_m82;strike
intruder_mk_1;intruder_mk_1;bomber
itp_m1;itp-m1;fighter
i_180;i_180;fighter
i_180_event01;i_180_event01;fighter
i_180_event02;i_180_event02;fighter
i_180_event03;i_180_event03;fighter
i_180_event04;i_180_event04;fighter
i_185_m71;i_185_m82;fighter
i_185_m71_standard;i_185_m71_standard;fighter
i_185_m82;i_185_m82;fighter
i_225;i-225;fighter
i_29;i_29;fighter
j1n1_mod11_early;j1n1_mod11_early;bomber
j2m2;j2m2;fighter
j2m3;j2m3;fighter
j2m4_kai;j2m4_kai;fighter
j2m5;j2m5;fighter
j2m5_30mm;j2m5_30mm;fighter
j5n1;j5n1;bomber
j6b;j6b;fighter
j6k1;j6k1;fighter
j7w1;j7w1;fighter
j8m1;j8m1;fighter
jaguar_a;jaguar_a;strike
jaguar_a_germany_killstreak;jaguar_a;strike
jaguar_a_iaf_killstreak;jaguar_a;strike
jaguar_a_italy_killstreak;jaguar_a;strike
jaguar_a_japan_killstreak;jaguar_a;strike
jaguar_a_killstreak;jaguar_a;strike
jaguar_a_sweden_killstreak;jaguar_a;strike
jaguar_a_uk_killstreak;jaguar_a;strike
jaguar_a_usa_killstreak;jaguar_a;strike
jaguar_gr1;jaguar_gr1;strike
jaguar_gr1a;jaguar_gr1a;strike
javelin_fmk9;javelin_fmk9;fighter
ju-188a-2;ju-188a-2;bomber
ju-288c;ju-288c;bomber
ju-388j;ju-388j;bomber
ju-52;ju-52;bomber
ju-87b-2;ju-87b-2;bomber
ju-87d-3;ju-87d-3;bomber
ju-87d-3_italy;ju-87d-3;bomber
ju-87d-5;ju-87d-5;bomber
ju-87g_1;ju-87g_1;strike
ju-87g_2;ju-87g_2;strike
ju-87r-2;ju-87r-2;bomber
ju-87r-2_italy;ju-87r-2;bomber
ju-87r-2_snake;ju-87r-2;bomber
ju-88a-1;ju-88a-1;bomber
ju-88a-4;ju-88a-4;bomber
ju-88c-6;ju-88c-6;bomber
j_7e;j_7e;fighter
j_7_mk2;j_7_mk2;fighter
j_8b;j_8b;fighter
ka_29;ka_29;helicopter
ka_50;ka_50;helicopter
ka_52;ka_52;helicopter
kfir_c2;kfir_c2;fighter
kfir_c7;kfir_c7;fighter
ki-27_otsu;ki-27_otsu;fighter
ki-27_otsu_china;ki-27_otsu;fighter
ki-27_otsu_ep;ki-27_otsu;fighter
ki-45_hei;ki-45_ko;fighter
ki-45_hei_tei;ki-45_ko;fighter
ki-45_hei_tei_china;ki-45_ko;fighter
ki-45_ko;ki-45_ko;fighter
ki-45_ko_tei;ki-45_ko;fighter
ki-45_otsu;ki-45_ko;fighter
ki-45_tei;ki-45_tei;fighter
ki-49_1;ki-49_1;bomber
ki-49_2a;ki-49_2a;bomber
ki-49_2b;ki-49_2b;bomber
ki-49_2b_late;ki-49_2b;bomber
ki-83;ki-83;bomber
ki-96;ki-96;bomber
kitsuka;kitsuka;fighter
ki_100_2;ki_100_2;fighter
ki_100_early;ki_100_early;fighter
ki_102_otsu;ki_102_otsu;bomber
ki_108;ki_108;bomber
ki_109;ki_109;strike
ki_10_1;ki_10_1;fighter
ki_10_1_commander;ki_10_1;fighter
ki_10_2;ki_10_2;fighter
ki_10_2_commander;ki_10_2;fighter
ki_21_1hei;ki_21_1hei;bomber
ki_21_1ko;ki_21_1ko;bomber
ki_32;ki_32;bomber
ki_43_1;ki_43_1;fighter
ki_43_2;ki_43_2;fighter
ki_43_2_late;ki_43_2;fighter
ki_43_3_ko;ki_43_3_ko;fighter
ki_43_3_otsu;ki_43_3_otsu;fighter
ki_44_1;ki_44_1;fighter
ki_44_1_ep;ki_44_1;fighter
ki_44_2_hei;ki_44_2_hei;fighter
ki_44_2_hei_china;ki_44_2_hei;fighter
ki_44_2_otsu;ki_44_2_otsu;fighter
ki_61_1a_hei;ki_61_1a_hei;fighter
ki_61_1a_hei_ep;ki_61_1a_hei;fighter
ki_61_1a_ko;ki_61_1a_ko;fighter
ki_61_1a_otsu;ki_61_1a_otsu;fighter
ki_61_1a_otsu_china;ki_61_1a_otsu;fighter
ki_61_1a_otsu_usa;ki_61_1a_otsu;fighter
ki_61_1a_tei;ki_61_1a_tei;fighter
ki_61_2_early;ki_61_2_early;fighter
ki_67_1_ko;ki_67_1_ko;bomber
ki_67_1_otsu;ki_67_1_otsu;bomber
ki_84_hei;ki_84_hei;fighter
ki_84_ko;ki_84_ko;fighter
ki_84_ko_china;ki_84_ko;fighter
ki_84_otsu;ki_84_otsu;fighter
ki_87;ki_87;fighter
ki_94_2;ki_94_2;fighter
kor_1;kor_1;bomber
la-11;la-11;fighter
la-11_china;la-11;fighter
la-15;la-15;fighter
la-5fn;la-5fn;fighter
la-5fn_luftwaffe;la-5fn;fighter
la-5_type37_early;la-5_type37_early;fighter
la-5_type39;la-5f_type_39;fighter
la-7;la-7;fighter
la-7b-20;la-7b-20;fighter
la-7_3_china_plaaf;la-7;fighter
la-7_dolgushin;la-7;fighter
la-9;la-9;fighter
la-9_china;la-9;fighter
lagg-3-1;lagg-3-1;fighter
lagg-3-11;lagg-3-11;fighter
lagg-3-23;lagg-3-23;fighter
lagg-3-29;lagg-3-29;fighter
lagg-3-34;lagg-3-34;fighter
lagg-3-35;lagg-3-35;fighter
lagg-3-4;lagg-3-4;fighter
lagg-3-66;lagg-3-66;fighter
lagg-3-8;lagg-3-8;fighter
lagg-i-301;lagg-i-301;fighter
lagg_gu-37;lagg_gu-37;fighter
lancaster_mk1;lancaster_mk1;bomber
lancaster_mk3;lancaster_mk3;bomber
la_174;la_174;fighter
la_200_toriy;la_200_toriy;fighter
leo_451_early;leo_451_early;bomber
leo_451_late;leo_451_late;bomber
li-2;li-2;bomber
lightning_f53;lightning_f6;fighter
lightning_f6;lightning_f6;fighter
lincoln_b1;lincoln_b2;bomber
lincoln_b2;lincoln_b2;bomber
lynx_ah_mk1;lynx_ah_mk1;helicopter
martin_139wc;martin_139wc;bomber
maryland_mk1;maryland_mk1;bomber
maryland_mk1_france;maryland_mk1;bomber
mbr-2;mbr-2;bomber
mb_152c1;mb_152c1;fighter
mb_157;mb_157;fighter
mb_162;mb_162;bomber
mb_174_a3;mb_174_a3;bomber
mb_175t;mb_175t;bomber
mb_5;mb_5;fighter
mc-202;mc-202;fighter
mc-202_d;mc-202_d;fighter
mc-202_ec;mc-202_ec;fighter
mc-202_italy;mc-202;fighter
mc-205_n2;mc-205_n2;fighter
mc-205_serie1;mc-205_serie1;fighter
mc-205_serie3;mc-205_serie3;fighter
mc200_serie3;mc200_serie3;fighter
mc200_serie3_italy;mc200_serie3;fighter
mc200_serie7;mc200_serie7;fighter
mc200_serie7_italy;mc200_serie7;fighter
md_450b_barougan;md_450b_barougan;fighter
md_450b_ouragan;md_450b_ouragan;fighter
md_450b_ouragan_iaf;md_450b_ouragan;fighter
md_452_mystere_2a;md_452_mystere_2a;fighter
md_452_mystere_2c_preproduction;md_452_mystere_2c_preproduction;fighter
md_454_mystere_4a;md_454_mystere_4a;fighter
md_454_mystere_4a_iaf;md_454_mystere_4a;fighter
md_460;md_460;fighter
md_460_saar;md_460_saar;fighter
md_460_sambad;md_460_sambad;fighter
md_460_usa;md_460;fighter
md_460_yt_cup_2019;md_460;fighter
md_500_tow_late;md_500_tow_late;helicopter
me-163b-0;me-163b-0;fighter
me-163b;me-163b;fighter
me-262a-1a;me-262a-1a;fighter
me-262a-1a_early;me-262a-1a_early;strike
me-262a-1a_u4;me-262a-1a_u4;strike
me-262a-1b;me-262a-1b;fighter
me-262a-2a;me-262a-2a;strike
me-262a1_u1;me-262a_1_u1;strike
me-262c-1a;me-262c-1a;fighter
me-262c-2b;me-262c-2b;fighter
me-410a-1;me-410a-1;strike
me-410a-1_u2;me-410a-1;fighter
me-410a-1_u4;me-410a-1_u4;strike
me-410b-1;me-410b-1;strike
me-410b-1_u2;me-410b-1;fighter
me-410b-2_u4;me-410b-2_u4;strike
me-410b-6_r3;me-410b-6_r3;strike
meteor_fmk3;meteor_fmk3;fighter
meteor_fmk3_navy;meteor_fmk3_navy;fighter
meteor_fmk4_lw;meteor_fmk4_lw;fighter
meteor_fmk4_sw;meteor_fmk4_sw;fighter
meteor_fmk8;meteor_fmk8;fighter
meteor_fmk8_iaf;meteor_fmk8;fighter
meteor_fmk8_reaper;meteor_fmk8_reaper;fighter
meteor_nfmk13;meteor_nfmk13;fighter
me_264;me_264;bomber
mi-35;mi-35;fighter
mig-15;mig-15;fighter
mig-15bis_ish;mig-15bis_ish;fighter
mig-15bis_nr23_china;mig-15;fighter
mig-15bis_nr23_german;mig-15;fighter
mig-15bis_ns23;mig-15;fighter
mig-15bis_ns23_china;mig-15;fighter
mig-15_ns23;mig-15_ns23;fighter
mig-17;mig-17;fighter
mig-17p_lim_5p;mig-17p_lim_5p;fighter
mig-17_china;mig-17;fighter
mig-17_cuba;mig-17;fighter
mig-17_f5;mig-17f;fighter
mig-19j_6a;mig-19j_6a;fighter
mig-19pt;mig-19;fighter
mig-19s;mig-19s;fighter
mig-21_bis;mig-21_bis;fighter
mig-21_bis_sau;mig-21_bis;fighter
mig-21_f13;mig-21_f13;fighter
mig-21_mf;mig-21_mf;fighter
mig-21_pfm;mig-21_pfm;fighter
mig-21_s;mig-21_s;fighter
mig-21_smt;mig-21_smt;fighter
mig-21_sps_k;mig-21_pfm;fighter
mig-9;mig-9;fighter
mig-9_china;mig-9;fighter
mig-9_late_china;mig-9_ussr;fighter
mig-9_ussr;mig-9_ussr;fighter
mig_23m;mig_23m;fighter
mig_23mf_germany;mig_23mf;fighter
mig_23mla;mig_23mla;fighter
mig_23mld;mig_23mld;fighter
mig_27k;mig_27k;fighter
mig_27m;mig_27m;fighter
mig_3u;mig_3_series_1_15;fighter
mig_3_series_1_15;mig_3_series_1_15;fighter
mig_3_series_1_15_bk_pod;mig_3_series_1_15_bk_pod;fighter
mig_3_series_1_15_no_radio;mig_3_series_1_15;fighter
mig_3_series_1_15_romania;mig_3_series_1_15;fighter
mig_3_series_34;mig_3_series_34;fighter
mirage_3c;mirage_3c;fighter
mirage_3cj;mirage_3c;fighter
mirage_3e;mirage_3e;fighter
mirage_5f;mirage_5f;fighter
mirage_f1c;mirage_f1c;fighter
mirage_f1ct;mirage_f1c;fighter
mirage_milan;mirage_milan;fighter
mi_24a;mi_24a;helicopter
mi_24d;mi_24v;helicopter
mi_24p;mi_24p;helicopter
mi_24p_german;mi_24p_german;helicopter
mi_24p_german_hfs80;mi_24p_german;helicopter
mi_24v;mi_24v;helicopter
mi_28a_sweden;mi_28a_sweden;helicopter
mi_28n;mi_28n;helicopter
mi_28nm;mi_28nm;helicopter
mi_35m;mi_35m;helicopter
mi_4av;mi_4av;helicopter
morko_morane;morko_morane;fighter
mosquito_fb_mk18;mosquito_fb_mk18;strike
mosquito_fb_mk26_china;mosquito_fb_mk6;strike
mosquito_fb_mk6;mosquito_fb_mk6;strike
ms_405c1;ms_405;fighter
ms_406c1;ms_406c1;fighter
ms_410c1;ms_410c1;fighter
n1k1_ja;n1k1_ja;fighter
n1k1_kyuofu;n1k1_kyuofu;fighter
n1k2_j;n1k2_j;fighter
n1k2_jko;n1k2_j;fighter
nc_223_3;nc_223_3;bomber
nesher;mirage_5_nesher;fighter
night_fighter_mk_2;boston_mk_1;bomber
nimrod_mk1;nimrod_mk1;fighter
nimrod_mk2;nimrod_mk2;fighter
os2u_1;os2u_1;bomber
os2u_1_naval;os2u_1;bomber
os2u_3;os2u_1;bomber
osprey_mk4;osprey_mk4;bomber
p-26a_33;p-26a_33;fighter
p-26a_34;p-26a_34;fighter
p-26a_34_m2;p-26a_34_m2;fighter
p-26a_35;p-26a_35;fighter
p-26b_35;p-26b_35;fighter
p-36a;p-36a;fighter
p-36a_brown;p-36a;fighter
p-36a_rasmussen;p-36a;fighter
p-36c;p-36c;fighter
p-36g;p-36g;fighter
p-38e;p-38e;fighter
p-38g;p-38g;fighter
p-38g_metal;p-38g;fighter
p-38j;p-38j;fighter
p-38j_marge;p-38j;fighter
p-38k;p-38k;fighter
p-38l;p-38l;fighter
p-38l_1_china_rocaf;p-38l;fighter
p-39k_1;p-39k_1;fighter
p-39n;p-39n;fighter
p-39n_su;p-39n_su;fighter
p-39q_15;p-39q_15;fighter
p-39q_25;p-39q_25;fighter
p-39q_25_france;p-39q_25;fighter
p-39q_5;p-39q_5;fighter
p-400;p-400;fighter
p-40c;p-40c;fighter
p-40c_china;p-40c_china;fighter
p-40e;p-40e;fighter
p-40e_china;p-40e;fighter
p-40e_td;p-40e;fighter
p-40e_ussr;p-40e;fighter
p-40f-5_france_ep;p-40f;fighter
p-40f_10;p-40f;fighter
p-43a-1;p_43a_1;fighter
p-43a-1_china;p_43a_1;fighter
p-47d-28;p-47d-28;fighter
p-47d;p-47d;fighter
p-47d_16_re;p-47d_16_re;fighter
p-47d_16_re_germany;p-47d_16_re;fighter
p-47d_22_re;p-47d_22_re;fighter
p-47d_22_re_france;p-47d_22_re;fighter
p-47d_23_ra_china_rocaf;p-47d_23_re;fighter
p-47d_23_re;p-47d_23_re;fighter
p-47d_30_china;p-47d-28;fighter
p-47d_luftwaffe;p-47d;fighter
p-47d_ussr;p-47d_ussr;fighter
p-47m-1-re;p-47m-1-re;fighter
p-47m-1-re_boxted;p-47m-1-re;fighter
p-47n-15;p-47n-15;fighter
p-51a_tl;p-51a_tl;fighter
p-51b;p-51b;fighter
p-51c-10-nt;p-51c-10-nt;fighter
p-51c-10_france;p-51c-10_france;fighter
p-51c-11-nt_japan;p-51c-10-nt;fighter
p-51d-10;p-51d-10;fighter
p-51d-20-na;p-51d-20-na;fighter
p-51d-20-na_iaf;p-51d-20-na;fighter
p-51d-20-na_j26;p-51d-20-na;fighter
p-51d-20_china;p-51d-20-na;fighter
p-51d-30_usaaf_korea;p-51d-30_usaaf_korea;fighter
p-51d-5;p-51d-5;fighter
p-51h-5_na;p-51h-5_na;fighter
p-51k;p-51d-30_usaaf_korea;fighter
p-51_a-36;p-51_a-36;strike
p-51_mk1;p-51b;fighter
p-51_mk1a_usaaf;p-51_mk1a_usaaf;fighter
p-59a;p_59a;fighter
p-61a_1;p-61a_1;fighter
p-61c_1;p-61c_1;fighter
p-63a-10;p-63a-10;fighter
p-63a-10_ussr;p-63a-10;fighter
p-63a-5;p-63a-5;fighter
p-63a-5_ussr;p-63a-5;fighter
p-63c-5;p-63c-5;fighter
p-63c-5_france;p-63c-5_france;fighter
p-63c-5_kingcobra_animal_version;p-63c-5;fighter
p-63c-5_ussr;p-63c-5;fighter
p-66;p-66;fighter
p1y1_mod11;p1y1_mod11;bomber
p1y1_mod11_china;p1y1_mod11;bomber
pandora_mk_1;boston_mk_1;bomber
pb4y-2;pb4y-2;bomber
pb4y-2_china;pb4y-2_china;bomber
pb4y-2_france;pb4y-2_france;bomber
pbj_1h;pbj_1h;strike
pbj_1j;pbj_1j;strike
pbj_1j_1;b_25j_20;bomber
pbm_1;pbm_1;bomber
pbm_3;pbm_3;bomber
pby-5;pby-5;bomber
pby-5a;pby-5a;bomber
pby-5a_raf;pby-5a;bomber
pby-5a_ussr;pby-5a;bomber
pe-2-1;pe-2-1;bomber
pe-2-110;pe-2-110;bomber
pe-2-205;pe-2-205;bomber
pe-2-31;pe-2-31;bomber
pe-2-359;pe-2-359;bomber
pe-2-359_china;pe-2-359;bomber
pe-2-83;pe-2-83;bomber
pe-3;pe-3;strike
pe-3_bis;pe-3_bis;strike
pe-3_early;pe-3_early;strike
pe-8_m82;pe-8_m82;bomber
po-2;po-2;bomber
po-2_nw;po-2_nw;fighter
po-2_test;po-2;bomber
potez_630;potez_630;fighter
potez_631;potez_631;fighter
potez_633;potez_633;bomber
pv_2;pv_2;strike
pv_2d;pv_2d;bomber
pyorremyrsky;pyorremyrsky;fighter
p_108a_serie2;p_108a_serie2;strike
p_108b_serie1;p_108b_serie1;bomber
p_108b_serie2;p_108b_serie2;bomber
q_5a;q_5a;strike
q_5_early;q_5_early;strike
r2y2_kai;r2y2_kai;fighter
r2y2_v1;r2y2_v1;fighter
r2y2_v2;r2y2_v2;fighter
re_2000_ga;re_2000_ga;fighter
re_2000_ga_ep;re_2000_ga;fighter
re_2000_int;re_2000_int;fighter
re_2000_j20;re_2000_int;fighter
re_2001_cb;re_2001_cb;fighter
re_2001_cn;re_2001_cn;fighter
re_2001_serie1;re_2001_serie1;fighter
re_2001_serie1_ep;re_2001_serie1;fighter
re_2002_early;re_2002_early;fighter
re_2005_serie0;re_2005_serie0;fighter
ro_43;ro_43;bomber
ro_57_quadriarma;ro_57_quadriarma;strike
saab_105g;saab_105g;strike
saab_105oe;saab_105oe;strike
saab_a21a_3;saab_j21a_1;fighter
saab_a21rb;saab_a21rb;fighter
saab_a32a;saab_a32a;strike
saab_aj37;saab_aj37;strike
saab_b17a;saab_b17a;bomber
saab_b17b;saab_b17b;bomber
saab_b17bs;saab_b17bs;bomber
saab_b18a;saab_b18a;bomber
saab_b18b;saab_b18b;bomber
saab_b3c;saab_b3c;bomber
saab_j21a_1;saab_j21a_1;fighter
saab_j21a_2;saab_j21a_1;fighter
saab_j21ra;saab_j21ra;fighter
saab_j29a;saab_j29a;fighter
saab_j29b;saab_j29b;fighter
saab_j29d;saab_j29d;fighter
saab_j29f;saab_j29f;fighter
saab_j32b;saab_j32b;fighter
saab_j35a;saab_j35a;fighter
saab_j35d;saab_j35d;fighter
saab_ja37;saab_ja37;fighter
saab_sk60b;saab_sk60b;strike
saab_t18b_1;saab_t18b_1;bomber
saab_t18b_2;saab_t18b_2;bomber
sagittario_2;sagittario_2;fighter
sa_313b;sa_313b;helicopter
sa_313b_france;sa_313b;helicopter
sa_316b;sa_316b;helicopter
sa_341f;sa_341f;helicopter
sa_342m;sa_342m;helicopter
sb2c_1c;sb2c_1c;bomber
sb2c_4;sb2c_4;bomber
sb2c_5;sb2c_4;bomber
sb2c_5_france;sb2c_4;bomber
sb2u-2;sb2u-2;bomber
sb2u-3;sb2u-3;bomber
sbd-3;sbd-3;bomber
sb_2m_100;sb_2m_100;bomber
sb_2m_100a;sb_2m_100;bomber
sb_2m_100a_spain;sb_2m_100;bomber
sb_2m_103c;sb_2m_103c;bomber
sb_2m_103u;sb_2m_103u_mv3;bomber
sb_2m_103u_china;sb_2m_103u_mv3;bomber
sb_2m_103u_mv3;sb_2m_103u_mv3;bomber
sb_2m_103_mv3;sb_2m_103c;bomber
sb_2m_105;sb_2m_105;bomber
scimitar_f1;scimitar_f1;fighter
scout_ah_mk1;scout_ah_mk1;helicopter
seafire_fr47;seafire_fr47;fighter
seafire_mk17;seafire_mk17;fighter
seafire_mk3;seafire_mk3;fighter
seafire_mk3_france;seafire_mk3;fighter
sea_fury_fb11;sea_fury_fb11;fighter
sea_hawk_fga6;sea_hawk_fga6;fighter
sea_hawk_mk100;sea_hawk_fga6;fighter
sea_venom_faw20;sea_venom_faw20;fighter
shackleton_mr_mk_2;shackleton_mr_mk_2;bomber
sm_79_1936;sm_79_1936;bomber
sm_79_1936_italy;sm_79_1936;bomber
sm_79_1937;sm_79_1937;bomber
sm_79_1937_italy;sm_79_1937;bomber
sm_79_1939;sm_79_1939;bomber
sm_79_1939_italy;sm_79_1939;bomber
sm_79_1941;sm_79_1941;bomber
sm_79_1941_italy;sm_79_1941;bomber
sm_79_1942;sm_79_1942;bomber
sm_79_1942_italy;sm_79_1942;bomber
sm_79_1943;sm_79_1943;bomber
sm_79_1943_italy;sm_79_1943;bomber
sm_79_iar;sm_79_iar;bomber
sm_79_iar_italy;sm_79_iar;bomber
sm_91;sm_91;strike
sm_92;sm_92;strike
soc_1;soc_1;bomber
so_4050_vautour_2a;so_4050_vautour_2a;bomber
so_4050_vautour_2a_iaf;so_4050_vautour_2a;bomber
so_4050_vautour_2a_israel_iaf;so_4050_vautour_2a;bomber
so_4050_vautour_2b;so_4050_vautour_2b;bomber
so_4050_vautour_2n;so_4050_vautour_2n;bomber
so_4050_vautour_2n_iaf;so_4050_vautour_2n;bomber
so_8000_narval;so_8000_narval;fighter
spitfiremkii;spitfiremkii;fighter
spitfiremkiia;spitfiremkiia;fighter
spitfiremkiia_ep;spitfiremkiia;fighter
spitfire_f22;spitfire_f22;fighter
spitfire_f22_test;spitfire_f22;fighter
spitfire_f24;spitfire_f24;fighter
spitfire_fr_mk14e;spitfire_fr_mk14e;fighter
spitfire_ix;spitfire_ix;fighter
spitfire_ix_early;spitfire_ix_early;fighter
spitfire_ix_plagis;spitfire_ix;fighter
spitfire_ix_tutorial;spitfire_ix;fighter
spitfire_ix_usa;spitfire_ix;fighter
spitfire_ix_ussr;spitfire_ix;fighter
spitfire_lf_mk9e_iaf;spitfire_ix_cw;fighter
spitfire_lf_mk9e_weisman;spitfire_ix;fighter
spitfire_mk1;spitfire_mk1;fighter
spitfire_mk14c;spitfire_mk14c;fighter
spitfire_mk14e;spitfire_mk14e;fighter
spitfire_mk18e;spitfire_mk18e;fighter
spitfire_mk5b;spitfire_mk5b;fighter
spitfire_mk5b_italy;spitfire_mk5b;fighter
spitfire_mk5b_notrop;spitfire_mk5b_notrop;fighter
spitfire_mk5c;spitfire_mk5c;fighter
spitfire_mk5c_notrop;spitfire_mk5c_notrop;fighter
spitfire_mk9b;spitfire_ix_early;fighter
spitfire_mk9c;spitfire_ix_early;fighter
spitfire_mk9c_4cannons;spitfire_mk9c_4cannons;fighter
spitfire_mk9c_iaf;spitfire_ix_early;fighter
spitfire_xvi;spitfire_xvi;fighter
stirling_mk1;stirling_mk1;bomber
stirling_mk3;stirling_mk3;bomber
su-11;su-11;fighter
su-2_m82;su-2_m82;strike
su-2_mv5;su-2_mv5;strike
su-2_tss1;su-2_tss1;strike
su-6_am42;su-6_am42;strike
su-6_am42_23;su-6_am42_23;strike
su-6_m71;su-6_m71;strike
su-7b;su-7b;strike
su-7bkl;su-7bkl;strike
su-7bkl_china_killstreak;su-7bkl;strike
su-7bkl_killstreak;su-7bkl;strike
su-7bmk;su-7bmk;strike
su-8;su-8;strike
su-9;su-9;fighter
sunderland_mk3a;sunderland_mk3a;bomber
sunderland_mk5;sunderland_mk5;bomber
su_17m2;su_17m2;strike
su_17m4;su_17m4;strike
su_22m3;su_22m3;strike
su_22um3k;su_22um3k;strike
su_6_single;su_6_single;strike
swift_f1;swift_f1;fighter
swift_f7;swift_f7;fighter
swordfish_mk1;swordfish_mk1;bomber
swordfish_mk2;swordfish_mk2;bomber
s_199;s_199;fighter
s_81_ar125;s_81_ar125;bomber
t2;t2;fighter
ta-152c;ta-152c;fighter
ta-152h-1;ta-152h-1;fighter
tandem_mai;tandem_mai;strike
ta_154a_1;ta_154a_1;fighter
tbd-1_1937;tbd-1;bomber
tbd-1_1938;tbd-1;bomber
tbf-1c;tbf-1c;bomber
tb_3_m17_32;tb_3_m17_32;bomber
tempest_mk2;tempest_mk2;fighter
tempest_mkv;tempest_mkv;fighter
tempest_mkv_luftwaffe;tempest_mkv_luftwaffe;fighter
tempest_mkv_vikkers;tempest_mkv_vikkers;strike
thunderbolt_mk1;thunderbolt_mk1;fighter
tiger_had_france;tiger_had_france;helicopter
tiger_hap_france;tiger_hap_france;helicopter
tiger_uht;tiger_uht;helicopter
tis_ma;tis_ma;strike
tu-1;tu-1;strike
tu-2;tu-2;bomber
tu-2_early;tu-2_early;bomber
tu-2_postwar;tu-2_postwar;bomber
tu-2_postwar_china;tu-2_postwar;bomber
tu-2_postwar_late;tu-2_postwar_late;bomber
tu_14t;tu_14t;bomber
tu_4;tu_4;bomber
tu_4_china;tu_4;bomber
tu_4_china_killstreak;tu_4;bomber
tu_4_killstreak;tu_4;bomber
typhoon_mk1a;typhoon_mk1a;fighter
typhoon_mk1b;typhoon_mk1b;fighter
typhoon_mk1b_late;typhoon_mk1b_late;fighter
uh_1b;uh_1b;helicopter
uh_1b_japan;uh_1b;helicopter
uh_1c;uh_1c;helicopter
uh_1c_xm_30;uh_1b;helicopter
uh_1d;uh_1d;helicopter
vampire_fb5;vampire_fb5;fighter
vampire_fb52a_italy;vampire_fb52a;fighter
vampire_fb5_j28b;vampire_fb52a;fighter
vb_10c1;vb_10c_1;fighter
vb_10_02;vb_10_02;fighter
venom_fb4;venom_fb4;fighter
vg_33;vg_33;fighter
vl_myrsky_2_late;vl_myrsky_2_late;fighter
v_11g;v_11g;strike
v_12d;v_12d;strike
v_156_b1;sb2u-3;bomber
v_156_f;v_156_f;bomber
walrus_mk1;walrus_mk1;bomber
wasp_has_mk1;wasp_has_mk1;helicopter
wellington_mk10;wellington_mk10;bomber
wellington_mk1c;wellington_mk1c;bomber
wellington_mk1c_late;wellington_mk1c;bomber
wellington_mk1c_luftwaffe;wellington_mk1c;bomber
wellington_mk3;wellington_mk3;bomber
whirlwind_mk1;whirlwind_mk1;bomber
whirlwind_p9;whirlwind_p9;bomber
wirraway;wirraway;strike
wyvern_s4;wyvern_s4;strike
xa_38;xa_38;strike
xf5f;xf5f;fighter
xp-50;xp-50;fighter
xp-55;xp-55;fighter
yah_64;yah_64;helicopter
yak-15;yak-15;fighter
yak-15_early;yak-15;fighter
yak-17;yak-17;fighter
yak-1b;yak-1b;fighter
yak-1b_luftwaffe;yak-1b;fighter
yak-1_early;yak-1_early;fighter
yak-23;yak-23;fighter
yak-28b;yak-28b;bomber
yak-3;yak-3;fighter
yak-30d;yak-30d;fighter
yak-38;yak-38;strike
yak-38m;yak-38m;strike
yak-3p;yak-3p;fighter
yak-3t;yak-3t;fighter
yak-3u;yak_3u;fighter
yak-3_france;yak-3_france;fighter
yak-3_test;yak-3;fighter
yak-3_vk107;yak-3_vk107;fighter
yak-4;yak-4;bomber
yak-7b;yak-7b;fighter
yak-9;yak-9;fighter
yak-9b;yak-9b;fighter
yak-9k;yak-9k;fighter
yak-9m;yak-9m;fighter
yak-9p;yak-9p;fighter
yak-9t;yak-9t;fighter
yak-9t_france;yak-9t;fighter
yak-9u;yak-9u;fighter
yak-9ut;yak-9ut;fighter
yak_2_kabb;yak-2_kabb;strike
yp-38;yp-38;fighter
z_1007_bis_serie3;z_1007_bis_serie3;bomber
z_1007_bis_serie5;z_1007_bis_serie5;bomber
z_19e;z_19e;helicopter
